target,target_group,k,basket,basket_groups,n_groups,cross_group,ols_beta,resid_var,r_squared,S_idx,target_idx,adf_p,half_life,basket_str
SNACKPACK_PISTACHIO,snackpacks,3,"['MICROCHIP_RECTANGLE', 'OXYGEN_SHAKE_GARLIC', 'SNACKPACK_STRAWBERRY']","['microchips', 'oxygen_shakes', 'snackpacks']",3,False,"[0.1700529564934542, -0.1852442303234797, 0.3815253709165677]",4383.387672152392,0.8753062133348398,"[13, 44, 48]",47,3.261903226520467e-07,327.5191799992025,SNACKPACK_PISTACHIO − 0.170*MICROCHIP_RECTANGLE + 0.185*OXYGEN_SHAKE_GARLIC − 0.382*SNACKPACK_STRAWBERRY
SNACKPACK_STRAWBERRY,snackpacks,3,"['UV_VISOR_AMBER', 'TRANSLATOR_GRAPHITE_MIST', 'SNACKPACK_RASPBERRY']","['snackpacks', 'translators', 'uv_visors']",3,False,"[-0.35346340555715594, -0.1326260981743562, -0.8586313719766928]",4255.9309404237865,0.9678022490154047,"[26, 33, 49]",48,8.060431799072415e-06,278.0937622178604,SNACKPACK_STRAWBERRY + 0.353*UV_VISOR_AMBER + 0.133*TRANSLATOR_GRAPHITE_MIST + 0.859*SNACKPACK_RASPBERRY
SNACKPACK_CHOCOLATE,snackpacks,3,"['PEBBLES_L', 'PEBBLES_XL', 'SNACKPACK_VANILLA']","['pebbles', 'snackpacks']",2,False,"[-0.09128090560782601, -0.029637555086478504, -0.9506778042697315]",1193.3957320761037,0.9703817088534161,"[18, 19, 46]",45,1.5273383158239018e-05,193.49837790982875,SNACKPACK_CHOCOLATE + 0.091*PEBBLES_L + 0.030*PEBBLES_XL + 0.951*SNACKPACK_VANILLA
SNACKPACK_PISTACHIO,snackpacks,3,"['GALAXY_SOUNDS_BLACK_HOLES', 'OXYGEN_SHAKE_MORNING_BREATH', 'SNACKPACK_RASPBERRY']","['galaxy_sounds', 'oxygen_shakes', 'snackpacks']",3,False,"[-0.1025431365599118, 0.1082275073861764, -0.5374513495732485]",5233.816464356991,0.8511141513224467,"[1, 40, 49]",47,4.535233386228015e-05,505.3988232991814,SNACKPACK_PISTACHIO + 0.103*GALAXY_SOUNDS_BLACK_HOLES − 0.108*OXYGEN_SHAKE_MORNING_BREATH + 0.537*SNACKPACK_RASPBERRY
SNACKPACK_RASPBERRY,snackpacks,3,"['TRANSLATOR_ASTRO_BLACK', 'OXYGEN_SHAKE_GARLIC', 'SNACKPACK_STRAWBERRY']","['oxygen_shakes', 'snackpacks', 'translators']",3,False,"[-0.2553975235189782, 0.1310029562081458, -0.6665869464896658]",6386.096451073157,0.7785356913366346,"[31, 44, 48]",49,4.859905580179803e-05,389.8828979449844,SNACKPACK_RASPBERRY + 0.255*TRANSLATOR_ASTRO_BLACK − 0.131*OXYGEN_SHAKE_GARLIC + 0.667*SNACKPACK_STRAWBERRY
SNACKPACK_VANILLA,snackpacks,3,"['PEBBLES_L', 'PEBBLES_XL', 'SNACKPACK_CHOCOLATE']","['pebbles', 'snackpacks']",2,False,"[-0.09154863925153817, -0.027896604620261767, -1.0028679786523051]",1258.9106006096226,0.9604941185654801,"[18, 19, 45]",46,4.9852067478382755e-05,199.22821264958372,SNACKPACK_VANILLA + 0.092*PEBBLES_L + 0.028*PEBBLES_XL + 1.003*SNACKPACK_CHOCOLATE
SNACKPACK_PISTACHIO,snackpacks,3,"['MICROCHIP_SQUARE', 'OXYGEN_SHAKE_GARLIC', 'SNACKPACK_STRAWBERRY']","['microchips', 'oxygen_shakes', 'snackpacks']",3,False,"[-0.08496414433618621, -0.1854613078779169, 0.49000151041259116]",4816.523868211312,0.8629848316848774,"[12, 44, 48]",47,6.0850930944188066e-05,469.91119734443913,SNACKPACK_PISTACHIO + 0.085*MICROCHIP_SQUARE + 0.185*OXYGEN_SHAKE_GARLIC − 0.490*SNACKPACK_STRAWBERRY
SNACKPACK_CHOCOLATE,snackpacks,3,"['PEBBLES_L', 'PANEL_2X4', 'SNACKPACK_VANILLA']","['panels', 'pebbles', 'snackpacks']",3,False,"[-0.07359638479006357, -0.08119847461105735, -0.9116371638516206]",1587.6408334601147,0.9605971370788947,"[18, 38, 46]",45,6.226142452009303e-05,235.43995441837168,SNACKPACK_CHOCOLATE + 0.074*PEBBLES_L + 0.081*PANEL_2X4 + 0.912*SNACKPACK_VANILLA
SNACKPACK_PISTACHIO,snackpacks,3,"['GALAXY_SOUNDS_PLANETARY_RINGS', 'PEBBLES_XS', 'SNACKPACK_RASPBERRY']","['galaxy_sounds', 'pebbles', 'snackpacks']",3,False,"[0.08127062691105379, 0.11904619392994914, -0.5581882965803098]",4309.2733850923105,0.8774145349779886,"[2, 15, 49]",47,6.485846642562602e-05,431.34863781274885,SNACKPACK_PISTACHIO − 0.081*GALAXY_SOUNDS_PLANETARY_RINGS − 0.119*PEBBLES_XS + 0.558*SNACKPACK_RASPBERRY
SNACKPACK_PISTACHIO,snackpacks,3,"['PEBBLES_M', 'OXYGEN_SHAKE_GARLIC', 'SNACKPACK_RASPBERRY']","['oxygen_shakes', 'pebbles', 'snackpacks']",3,False,"[-0.08325678981026786, -0.11447340759344864, -0.48803609948202653]",4456.992165682008,0.8732123937367954,"[17, 44, 49]",47,6.696216920878029e-05,437.6025195422069,SNACKPACK_PISTACHIO + 0.083*PEBBLES_M + 0.114*OXYGEN_SHAKE_GARLIC + 0.488*SNACKPACK_RASPBERRY
SNACKPACK_RASPBERRY,snackpacks,3,"['SLEEP_POD_COTTON', 'PEBBLES_XS', 'SNACKPACK_STRAWBERRY']","['pebbles', 'sleep_pods', 'snackpacks']",3,False,"[-0.06165319027603727, -0.189873030391882, -0.7245385424682923]",6122.3760220534205,0.787681288015408,"[9, 15, 48]",49,6.992431174211142e-05,388.4069257809414,SNACKPACK_RASPBERRY + 0.062*SLEEP_POD_COTTON + 0.190*PEBBLES_XS + 0.725*SNACKPACK_STRAWBERRY
SNACKPACK_PISTACHIO,snackpacks,3,"['OXYGEN_SHAKE_MORNING_BREATH', 'OXYGEN_SHAKE_GARLIC', 'SNACKPACK_RASPBERRY']","['oxygen_shakes', 'snackpacks']",2,False,"[0.08681332312681898, -0.11451013316123411, -0.5120595850691091]",4465.11382506532,0.8729813577120916,"[40, 44, 49]",47,8.053720990554834e-05,466.3360785303442,SNACKPACK_PISTACHIO − 0.087*OXYGEN_SHAKE_MORNING_BREATH + 0.115*OXYGEN_SHAKE_GARLIC + 0.512*SNACKPACK_RASPBERRY
SNACKPACK_CHOCOLATE,snackpacks,3,"['PEBBLES_L', 'SNACKPACK_VANILLA', 'SNACKPACK_STRAWBERRY']","['pebbles', 'snackpacks']",2,False,"[-0.050724543699350456, -0.9762382674245397, -0.1356505647785601]",1497.364127058092,0.9628376694539503,"[18, 46, 48]",45,8.220535671946463e-05,215.37542197824388,SNACKPACK_CHOCOLATE + 0.051*PEBBLES_L + 0.976*SNACKPACK_VANILLA + 0.136*SNACKPACK_STRAWBERRY
SNACKPACK_STRAWBERRY,snackpacks,3,"['SLEEP_POD_COTTON', 'UV_VISOR_AMBER', 'SNACKPACK_RASPBERRY']","['sleep_pods', 'snackpacks', 'uv_visors']",3,False,"[-0.09206258911078083, -0.3882136281136846, -0.900588293340387]",5642.172799216365,0.9573147973159696,"[9, 26, 49]",48,9.452955589995412e-05,350.06050482763345,SNACKPACK_STRAWBERRY + 0.092*SLEEP_POD_COTTON + 0.388*UV_VISOR_AMBER + 0.901*SNACKPACK_RASPBERRY
SNACKPACK_RASPBERRY,snackpacks,3,"['UV_VISOR_AMBER', 'TRANSLATOR_GRAPHITE_MIST', 'SNACKPACK_STRAWBERRY']","['snackpacks', 'translators', 'uv_visors']",3,False,"[-0.34299594038584474, -0.13687037891949771, -0.9674101015700497]",4795.108492101837,0.8337097794708831,"[26, 33, 48]",49,0.00010395496638704321,323.73943929618196,SNACKPACK_RASPBERRY + 0.343*UV_VISOR_AMBER + 0.137*TRANSLATOR_GRAPHITE_MIST + 0.967*SNACKPACK_STRAWBERRY
SNACKPACK_STRAWBERRY,snackpacks,3,"['UV_VISOR_AMBER', 'PANEL_4X4', 'SNACKPACK_RASPBERRY']","['panels', 'snackpacks', 'uv_visors']",3,False,"[-0.31581798962912605, -0.11692883979902542, -0.8807811301928204]",4793.434219845367,0.9637358304135802,"[26, 39, 49]",48,0.00011501462177090368,346.9405050616299,SNACKPACK_STRAWBERRY + 0.316*UV_VISOR_AMBER + 0.117*PANEL_4X4 + 0.881*SNACKPACK_RASPBERRY
SNACKPACK_PISTACHIO,snackpacks,3,"['MICROCHIP_CIRCLE', 'OXYGEN_SHAKE_GARLIC', 'SNACKPACK_RASPBERRY']","['microchips', 'oxygen_shakes', 'snackpacks']",3,False,"[0.1101554388320243, -0.1780605977330576, -0.5902304514232155]",4138.947502458912,0.8822597781691333,"[10, 44, 49]",47,0.00012998076995411094,387.22139799963537,SNACKPACK_PISTACHIO − 0.110*MICROCHIP_CIRCLE + 0.178*OXYGEN_SHAKE_GARLIC + 0.590*SNACKPACK_RASPBERRY
SNACKPACK_RASPBERRY,snackpacks,3,"['SLEEP_POD_SUEDE', 'PEBBLES_XL', 'SNACKPACK_STRAWBERRY']","['pebbles', 'sleep_pods', 'snackpacks']",3,False,"[0.16348784641320416, 0.0683459733812602, -0.7522668692236925]",5669.624764020518,0.8033823105610158,"[5, 19, 48]",49,0.0001316213592458577,407.7238552123472,SNACKPACK_RASPBERRY − 0.163*SLEEP_POD_SUEDE − 0.068*PEBBLES_XL + 0.752*SNACKPACK_STRAWBERRY
SNACKPACK_VANILLA,snackpacks,3,"['PEBBLES_L', 'SNACKPACK_CHOCOLATE', 'SNACKPACK_STRAWBERRY']","['pebbles', 'snackpacks']",2,False,"[-0.05197785521372327, -0.9705185509958923, -0.1228652797373415]",1488.5911681576072,0.9532865112381846,"[18, 45, 48]",46,0.00013473469300548624,221.86549069742736,SNACKPACK_VANILLA + 0.052*PEBBLES_L + 0.971*SNACKPACK_CHOCOLATE + 0.123*SNACKPACK_STRAWBERRY
SNACKPACK_RASPBERRY,snackpacks,3,"['PEBBLES_XS', 'ROBOT_MOPPING', 'SNACKPACK_STRAWBERRY']","['pebbles', 'robots', 'snackpacks']",3,False,"[-0.20416575397110856, -0.06566275996489562, -0.8125580062835044]",6068.894691645019,0.7895359743572192,"[15, 21, 48]",49,0.00014021535170650735,398.0197365714887,SNACKPACK_RASPBERRY + 0.204*PEBBLES_XS + 0.066*ROBOT_MOPPING + 0.813*SNACKPACK_STRAWBERRY
SNACKPACK_CHOCOLATE,snackpacks,3,"['PEBBLES_L', 'UV_VISOR_AMBER', 'SNACKPACK_VANILLA']","['pebbles', 'snackpacks', 'uv_visors']",3,False,"[-0.04448845686949776, 0.05563809982347728, -0.9493043907970615]",1141.3663966692984,0.971672998878026,"[18, 26, 46]",45,0.00014874081474366375,209.11037657671983,SNACKPACK_CHOCOLATE + 0.044*PEBBLES_L − 0.056*UV_VISOR_AMBER + 0.949*SNACKPACK_VANILLA
SNACKPACK_STRAWBERRY,snackpacks,3,"['SLEEP_POD_SUEDE', 'OXYGEN_SHAKE_GARLIC', 'SNACKPACK_RASPBERRY']","['oxygen_shakes', 'sleep_pods', 'snackpacks']",3,False,"[0.21844756015135708, 0.1703356200558733, -1.0000349240676563]",6143.855063847193,0.9535193784390922,"[5, 44, 49]",48,0.00015439545235373172,426.0514530114207,SNACKPACK_STRAWBERRY − 0.218*SLEEP_POD_SUEDE − 0.170*OXYGEN_SHAKE_GARLIC + 1.000*SNACKPACK_RASPBERRY
SNACKPACK_RASPBERRY,snackpacks,3,"['SLEEP_POD_SUEDE', 'OXYGEN_SHAKE_GARLIC', 'SNACKPACK_STRAWBERRY']","['oxygen_shakes', 'sleep_pods', 'snackpacks']",3,False,"[0.1840559958154223, 0.1380518493176589, -0.8227791420893452]",5054.859262306603,0.8247018471308527,"[5, 44, 48]",49,0.00015927645074565198,414.28594015519286,SNACKPACK_RASPBERRY − 0.184*SLEEP_POD_SUEDE − 0.138*OXYGEN_SHAKE_GARLIC + 0.823*SNACKPACK_STRAWBERRY
SNACKPACK_PISTACHIO,snackpacks,3,"['MICROCHIP_RECTANGLE', 'OXYGEN_SHAKE_GARLIC', 'SNACKPACK_RASPBERRY']","['microchips', 'oxygen_shakes', 'snackpacks']",3,False,"[0.08640017620343919, -0.10936129155570995, -0.492146185280826]",3835.1686904355047,0.8909013433723412,"[13, 44, 49]",47,0.00016069136034769737,422.66690720143635,SNACKPACK_PISTACHIO − 0.086*MICROCHIP_RECTANGLE + 0.109*OXYGEN_SHAKE_GARLIC + 0.492*SNACKPACK_RASPBERRY
SNACKPACK_PISTACHIO,snackpacks,3,"['ROBOT_DISHES', 'ROBOT_IRONING', 'SNACKPACK_RASPBERRY']","['robots', 'snackpacks']",2,False,"[-0.07558594067528404, 0.15027984445728781, -0.5394592714342558]",4942.658870555722,0.8593966820048332,"[22, 24, 49]",47,0.00017176848483087736,453.47804342872774,SNACKPACK_PISTACHIO + 0.076*ROBOT_DISHES − 0.150*ROBOT_IRONING + 0.539*SNACKPACK_RASPBERRY
SNACKPACK_PISTACHIO,snackpacks,3,"['TRANSLATOR_GRAPHITE_MIST', 'OXYGEN_SHAKE_GARLIC', 'SNACKPACK_RASPBERRY']","['oxygen_shakes', 'snackpacks', 'translators']",3,False,"[-0.09659569938091002, -0.13780053792146704, -0.5769216863794674]",4454.970114328069,0.8732699148275618,"[33, 44, 49]",47,0.00018403909081922274,438.3995094828319,SNACKPACK_PISTACHIO + 0.097*TRANSLATOR_GRAPHITE_MIST + 0.138*OXYGEN_SHAKE_GARLIC + 0.577*SNACKPACK_RASPBERRY
SNACKPACK_RASPBERRY,snackpacks,3,"['PEBBLES_XS', 'OXYGEN_SHAKE_MORNING_BREATH', 'SNACKPACK_STRAWBERRY']","['oxygen_shakes', 'pebbles', 'snackpacks']",3,False,"[-0.21281962313607333, 0.0878283284926459, -0.8274493779591268]",6017.97554645233,0.7913018063289448,"[15, 40, 48]",49,0.00018462969740365255,402.5803038026205,SNACKPACK_RASPBERRY + 0.213*PEBBLES_XS − 0.088*OXYGEN_SHAKE_MORNING_BREATH + 0.827*SNACKPACK_STRAWBERRY
SNACKPACK_PISTACHIO,snackpacks,3,"['SLEEP_POD_LAMB_WOOL', 'ROBOT_IRONING', 'SNACKPACK_RASPBERRY']","['robots', 'sleep_pods', 'snackpacks']",3,False,"[0.07743023076706164, 0.19832077004942283, -0.5830164242374364]",5124.6636678280265,0.8542192099077863,"[6, 24, 49]",47,0.00018658949757646766,468.4306227844355,SNACKPACK_PISTACHIO − 0.077*SLEEP_POD_LAMB_WOOL − 0.198*ROBOT_IRONING + 0.583*SNACKPACK_RASPBERRY
SNACKPACK_CHOCOLATE,snackpacks,3,"['TRANSLATOR_VOID_BLUE', 'PANEL_1X4', 'SNACKPACK_VANILLA']","['panels', 'snackpacks', 'translators']",3,False,"[-0.07560634072159275, 0.057881093782961655, -0.8220472720003418]",1435.1434393262753,0.964381893549151,"[34, 37, 46]",45,0.00019909673161520966,239.27054428070213,SNACKPACK_CHOCOLATE + 0.076*TRANSLATOR_VOID_BLUE − 0.058*PANEL_1X4 + 0.822*SNACKPACK_VANILLA
SNACKPACK_CHOCOLATE,snackpacks,3,"['PEBBLES_XS', 'PEBBLES_L', 'SNACKPACK_VANILLA']","['pebbles', 'snackpacks']",2,False,"[0.03698685664987832, -0.051371200042189924, -0.9467304842866044]",1218.975361712859,0.9697468608330656,"[15, 18, 46]",45,0.0001993543892755656,213.1420063168563,SNACKPACK_CHOCOLATE − 0.037*PEBBLES_XS + 0.051*PEBBLES_L + 0.947*SNACKPACK_VANILLA
SNACKPACK_RASPBERRY,snackpacks,3,"['SLEEP_POD_COTTON', 'UV_VISOR_AMBER', 'SNACKPACK_STRAWBERRY']","['sleep_pods', 'snackpacks', 'uv_visors']",3,False,"[-0.10378170847332928, -0.3555000197059437, -0.8749855170450107]",5481.7717712811755,0.8098968900832797,"[9, 26, 48]",49,0.0002071029623570954,363.6681305523304,SNACKPACK_RASPBERRY + 0.104*SLEEP_POD_COTTON + 0.356*UV_VISOR_AMBER + 0.875*SNACKPACK_STRAWBERRY
SNACKPACK_PISTACHIO,snackpacks,3,"['ROBOT_IRONING', 'TRANSLATOR_ECLIPSE_CHARCOAL', 'SNACKPACK_RASPBERRY']","['robots', 'snackpacks', 'translators']",3,False,"[0.19691394989296357, -0.10308964980141166, -0.5726055797903921]",4753.640564921654,0.864773666666327,"[24, 32, 49]",47,0.00021100615125682428,434.06790291225013,SNACKPACK_PISTACHIO − 0.197*ROBOT_IRONING + 0.103*TRANSLATOR_ECLIPSE_CHARCOAL + 0.573*SNACKPACK_RASPBERRY
SNACKPACK_PISTACHIO,snackpacks,3,"['GALAXY_SOUNDS_BLACK_HOLES', 'MICROCHIP_RECTANGLE', 'SNACKPACK_RASPBERRY']","['galaxy_sounds', 'microchips', 'snackpacks']",3,False,"[-0.0988683039422641, 0.1052095050296035, -0.5127358179128945]",4282.121917173619,0.8781869100452928,"[1, 13, 49]",47,0.00022622964723715804,454.54756657418517,SNACKPACK_PISTACHIO + 0.099*GALAXY_SOUNDS_BLACK_HOLES − 0.105*MICROCHIP_RECTANGLE + 0.513*SNACKPACK_RASPBERRY
SNACKPACK_VANILLA,snackpacks,3,"['PEBBLES_L', 'UV_VISOR_AMBER', 'SNACKPACK_CHOCOLATE']","['pebbles', 'snackpacks', 'uv_visors']",3,False,"[-0.04752141038581147, 0.05272405729605221, -1.0062204983999028]",1209.7976957097926,0.9620353309414328,"[18, 26, 45]",46,0.00023809814996158957,213.28882224543847,SNACKPACK_VANILLA + 0.048*PEBBLES_L − 0.053*UV_VISOR_AMBER + 1.006*SNACKPACK_CHOCOLATE
SNACKPACK_CHOCOLATE,snackpacks,3,"['PANEL_1X4', 'SNACKPACK_VANILLA', 'SNACKPACK_STRAWBERRY']","['panels', 'snackpacks']",2,False,"[0.04580838138507609, -0.8662354173742505, -0.12494421889703237]",1458.3026354939502,0.9638071170551697,"[37, 46, 48]",45,0.0002649690601860004,229.83858918614908,SNACKPACK_CHOCOLATE − 0.046*PANEL_1X4 + 0.866*SNACKPACK_VANILLA + 0.125*SNACKPACK_STRAWBERRY
SNACKPACK_CHOCOLATE,snackpacks,3,"['TRANSLATOR_VOID_BLUE', 'OXYGEN_SHAKE_MINT', 'SNACKPACK_VANILLA']","['oxygen_shakes', 'snackpacks', 'translators']",3,False,"[-0.09768580493451272, 0.07918743696116072, -0.8663745471717271]",1613.9442650159108,0.9599443253811198,"[34, 42, 46]",45,0.00027283837982354194,255.32526352919936,SNACKPACK_CHOCOLATE + 0.098*TRANSLATOR_VOID_BLUE − 0.079*OXYGEN_SHAKE_MINT + 0.866*SNACKPACK_VANILLA
SNACKPACK_CHOCOLATE,snackpacks,3,"['PEBBLES_L', 'OXYGEN_SHAKE_GARLIC', 'SNACKPACK_VANILLA']","['oxygen_shakes', 'pebbles', 'snackpacks']",3,False,"[-0.06884116671604922, -0.05165058374495402, -0.94360569978809]",1496.6981059886602,0.9628541990973989,"[18, 44, 46]",45,0.0002800189923536407,240.43866839920116,SNACKPACK_CHOCOLATE + 0.069*PEBBLES_L + 0.052*OXYGEN_SHAKE_GARLIC + 0.944*SNACKPACK_VANILLA
SNACKPACK_VANILLA,snackpacks,3,"['PEBBLES_L', 'PANEL_2X4', 'SNACKPACK_CHOCOLATE']","['panels', 'pebbles', 'snackpacks']",3,False,"[-0.07624859095614414, -0.07076743819753094, -1.0126070188784029]",1763.482573074798,0.9446601423405295,"[18, 38, 45]",46,0.0002857167848101552,256.59545313517793,SNACKPACK_VANILLA + 0.076*PEBBLES_L + 0.071*PANEL_2X4 + 1.013*SNACKPACK_CHOCOLATE
SNACKPACK_CHOCOLATE,snackpacks,3,"['PEBBLES_XS', 'OXYGEN_SHAKE_MINT', 'SNACKPACK_VANILLA']","['oxygen_shakes', 'pebbles', 'snackpacks']",3,False,"[0.04155061059960101, 0.05979259417876162, -0.8749172533469238]",1287.93262603131,0.9680354450165345,"[15, 42, 46]",45,0.0002858507408695,235.04030279014154,SNACKPACK_CHOCOLATE − 0.042*PEBBLES_XS − 0.060*OXYGEN_SHAKE_MINT + 0.875*SNACKPACK_VANILLA
SNACKPACK_STRAWBERRY,snackpacks,3,"['UV_VISOR_AMBER', 'PANEL_1X4', 'SNACKPACK_RASPBERRY']","['panels', 'snackpacks', 'uv_visors']",3,False,"[-0.3592723399879721, 0.06762804965380044, -0.7959449116960283]",5803.326564699877,0.956095607229499,"[26, 37, 49]",48,0.0002859434596769885,398.5879540560197,SNACKPACK_STRAWBERRY + 0.359*UV_VISOR_AMBER − 0.068*PANEL_1X4 + 0.796*SNACKPACK_RASPBERRY
SNACKPACK_RASPBERRY,snackpacks,3,"['PEBBLES_XS', 'PANEL_1X4', 'SNACKPACK_STRAWBERRY']","['panels', 'pebbles', 'snackpacks']",3,False,"[-0.19810085744831635, 0.05346333500014033, -0.8032219509977272]",6195.087038363123,0.7851597327769912,"[15, 37, 48]",49,0.0002881914478456615,431.4043155698949,SNACKPACK_RASPBERRY + 0.198*PEBBLES_XS − 0.053*PANEL_1X4 + 0.803*SNACKPACK_STRAWBERRY
SNACKPACK_PISTACHIO,snackpacks,3,"['ROBOT_IRONING', 'UV_VISOR_MAGENTA', 'SNACKPACK_RASPBERRY']","['robots', 'snackpacks', 'uv_visors']",3,False,"[0.1424676688366473, -0.09112926116307024, -0.5264785320555257]",3952.196641870447,0.8875722610502832,"[24, 29, 49]",47,0.0002987421560897465,435.0997005211424,SNACKPACK_PISTACHIO − 0.142*ROBOT_IRONING + 0.091*UV_VISOR_MAGENTA + 0.526*SNACKPACK_RASPBERRY
SNACKPACK_CHOCOLATE,snackpacks,3,"['PEBBLES_L', 'TRANSLATOR_VOID_BLUE', 'SNACKPACK_VANILLA']","['pebbles', 'snackpacks', 'translators']",3,False,"[-0.06364737466975319, -0.08121825134187778, -0.9621100580543936]",1616.6821360589165,0.9598763755305431,"[18, 34, 46]",45,0.00032767922120122025,250.57674284715426,SNACKPACK_CHOCOLATE + 0.064*PEBBLES_L + 0.081*TRANSLATOR_VOID_BLUE + 0.962*SNACKPACK_VANILLA
SNACKPACK_VANILLA,snackpacks,3,"['PEBBLES_XS', 'PEBBLES_L', 'SNACKPACK_CHOCOLATE']","['pebbles', 'snackpacks']",2,False,"[0.03472041414778267, -0.05424096171885192, -1.005046852540406]",1294.06137327139,0.9593910519486488,"[15, 18, 45]",46,0.00032984361222253793,218.44504938691873,SNACKPACK_VANILLA − 0.035*PEBBLES_XS + 0.054*PEBBLES_L + 1.005*SNACKPACK_CHOCOLATE
SNACKPACK_CHOCOLATE,snackpacks,3,"['ROBOT_IRONING', 'UV_VISOR_ORANGE', 'SNACKPACK_VANILLA']","['robots', 'snackpacks', 'uv_visors']",3,False,"[0.052497735432464644, -0.07996154375148068, -0.8924323481602987]",1443.6254565550335,0.964171382610458,"[24, 27, 46]",45,0.00033156847336344867,243.40139728010064,SNACKPACK_CHOCOLATE − 0.052*ROBOT_IRONING + 0.080*UV_VISOR_ORANGE + 0.892*SNACKPACK_VANILLA
SNACKPACK_RASPBERRY,snackpacks,3,"['PEBBLES_XS', 'OXYGEN_SHAKE_MINT', 'SNACKPACK_STRAWBERRY']","['oxygen_shakes', 'pebbles', 'snackpacks']",3,False,"[-0.16713399849015353, 0.06802953535781946, -0.7326100869134606]",6110.627145331004,0.7880887289115542,"[15, 42, 48]",49,0.00034301384930876967,447.7391894479057,SNACKPACK_RASPBERRY + 0.167*PEBBLES_XS − 0.068*OXYGEN_SHAKE_MINT + 0.733*SNACKPACK_STRAWBERRY
SNACKPACK_STRAWBERRY,snackpacks,3,"['MICROCHIP_SQUARE', 'PEBBLES_XL', 'SNACKPACK_RASPBERRY']","['microchips', 'pebbles', 'snackpacks']",3,False,"[0.10808396743807111, 0.08899654033397593, -1.0065121193216755]",6187.723446013377,0.9531874972913817,"[12, 19, 49]",48,0.00035984472820653636,394.39856319119116,SNACKPACK_STRAWBERRY − 0.108*MICROCHIP_SQUARE − 0.089*PEBBLES_XL + 1.007*SNACKPACK_RASPBERRY
SNACKPACK_PISTACHIO,snackpacks,3,"['ROBOT_MOPPING', 'OXYGEN_SHAKE_GARLIC', 'SNACKPACK_RASPBERRY']","['oxygen_shakes', 'robots', 'snackpacks']",3,False,"[-0.07703485158564627, -0.11524660869230412, -0.5241382836532943]",4124.190382939207,0.8826795724585759,"[21, 44, 49]",47,0.0003688450731970051,459.86703401432953,SNACKPACK_PISTACHIO + 0.077*ROBOT_MOPPING + 0.115*OXYGEN_SHAKE_GARLIC + 0.524*SNACKPACK_RASPBERRY
SNACKPACK_CHOCOLATE,snackpacks,3,"['PEBBLES_L', 'ROBOT_DISHES', 'SNACKPACK_VANILLA']","['pebbles', 'robots', 'snackpacks']",3,False,"[-0.06917088066877669, -0.08142738284660353, -0.9812243978693844]",1632.1599249023784,0.9594922400388957,"[18, 22, 46]",45,0.00038006782085168344,216.02066147692182,SNACKPACK_CHOCOLATE + 0.069*PEBBLES_L + 0.081*ROBOT_DISHES + 0.981*SNACKPACK_VANILLA
SNACKPACK_RASPBERRY,snackpacks,3,"['MICROCHIP_SQUARE', 'PEBBLES_XL', 'SNACKPACK_STRAWBERRY']","['microchips', 'pebbles', 'snackpacks']",3,False,"[0.08803742681645227, 0.0745837481016478, -0.8187778731078739]",5033.59169278654,0.8254393880710493,"[12, 19, 48]",49,0.0004291883569274552,387.4467946264509,SNACKPACK_RASPBERRY − 0.088*MICROCHIP_SQUARE − 0.075*PEBBLES_XL + 0.819*SNACKPACK_STRAWBERRY
SNACKPACK_CHOCOLATE,snackpacks,3,"['UV_VISOR_AMBER', 'OXYGEN_SHAKE_MINT', 'SNACKPACK_VANILLA']","['oxygen_shakes', 'snackpacks', 'uv_visors']",3,False,"[0.061172603933150604, 0.048304618210629986, -0.8909463000205456]",1258.2918122756164,0.9687710855321164,"[26, 42, 46]",45,0.00043742239352944864,242.15053261356954,SNACKPACK_CHOCOLATE − 0.061*UV_VISOR_AMBER − 0.048*OXYGEN_SHAKE_MINT + 0.891*SNACKPACK_VANILLA
SNACKPACK_PISTACHIO,snackpacks,3,"['PANEL_1X4', 'OXYGEN_SHAKE_GARLIC', 'SNACKPACK_RASPBERRY']","['oxygen_shakes', 'panels', 'snackpacks']",3,False,"[0.06575614237689263, -0.11619209270742926, -0.531120883455227]",4548.66352969491,0.8706046276977227,"[37, 44, 49]",47,0.0004538233802428399,509.1324614912161,SNACKPACK_PISTACHIO − 0.066*PANEL_1X4 + 0.116*OXYGEN_SHAKE_GARLIC + 0.531*SNACKPACK_RASPBERRY
SNACKPACK_CHOCOLATE,snackpacks,3,"['MICROCHIP_SQUARE', 'OXYGEN_SHAKE_MINT', 'SNACKPACK_VANILLA']","['microchips', 'oxygen_shakes', 'snackpacks']",3,False,"[-0.031479050547367736, 0.059736397110940115, -0.9229847016300723]",1297.837462110343,0.9677896218491953,"[12, 42, 46]",45,0.0004548556201085935,234.99260862574323,SNACKPACK_CHOCOLATE + 0.031*MICROCHIP_SQUARE − 0.060*OXYGEN_SHAKE_MINT + 0.923*SNACKPACK_VANILLA
SNACKPACK_RASPBERRY,snackpacks,3,"['PEBBLES_XS', 'PEBBLES_XL', 'SNACKPACK_STRAWBERRY']","['pebbles', 'snackpacks']",2,False,"[-0.14135260082650694, 0.032080035997239714, -0.7885321829982307]",6196.1935111127605,0.7851213612577962,"[15, 19, 48]",49,0.00046545313436673996,455.55330459471685,SNACKPACK_RASPBERRY + 0.141*PEBBLES_XS − 0.032*PEBBLES_XL + 0.789*SNACKPACK_STRAWBERRY
SNACKPACK_VANILLA,snackpacks,3,"['PEBBLES_L', 'TRANSLATOR_VOID_BLUE', 'SNACKPACK_CHOCOLATE']","['pebbles', 'snackpacks', 'translators']",3,False,"[-0.06448007919925519, -0.07210882483920265, -0.976366180621897]",1640.6374190241113,0.9485151468884153,"[18, 34, 45]",46,0.0005313748771261456,258.8601955088241,SNACKPACK_VANILLA + 0.064*PEBBLES_L + 0.072*TRANSLATOR_VOID_BLUE + 0.976*SNACKPACK_CHOCOLATE
SNACKPACK_STRAWBERRY,snackpacks,3,"['UV_VISOR_AMBER', 'TRANSLATOR_VOID_BLUE', 'SNACKPACK_RASPBERRY']","['snackpacks', 'translators', 'uv_visors']",3,False,"[-0.2544444764745754, 0.13731038327377612, -0.8220300002565183]",5535.658300093186,0.9581206203819509,"[26, 34, 49]",48,0.000578510161274696,439.5626688290937,SNACKPACK_STRAWBERRY + 0.254*UV_VISOR_AMBER − 0.137*TRANSLATOR_VOID_BLUE + 0.822*SNACKPACK_RASPBERRY
SNACKPACK_VANILLA,snackpacks,3,"['PEBBLES_L', 'ROBOT_DISHES', 'SNACKPACK_CHOCOLATE']","['pebbles', 'robots', 'snackpacks']",3,False,"[-0.06820976101352667, -0.07259152510428835, -0.9618710596819247]",1599.9677545168488,0.9497914018847808,"[18, 22, 45]",46,0.000614790258962155,226.0536303308693,SNACKPACK_VANILLA + 0.068*PEBBLES_L + 0.073*ROBOT_DISHES + 0.962*SNACKPACK_CHOCOLATE
SNACKPACK_PISTACHIO,snackpacks,3,"['UV_VISOR_AMBER', 'OXYGEN_SHAKE_GARLIC', 'SNACKPACK_STRAWBERRY']","['oxygen_shakes', 'snackpacks', 'uv_visors']",3,False,"[0.22784269860403344, -0.12243771507746204, 0.577787051408393]",5224.470061543896,0.8513800274998761,"[26, 44, 48]",47,0.000661429829835734,651.4914351815765,SNACKPACK_PISTACHIO − 0.228*UV_VISOR_AMBER + 0.122*OXYGEN_SHAKE_GARLIC − 0.578*SNACKPACK_STRAWBERRY
SNACKPACK_RASPBERRY,snackpacks,3,"['UV_VISOR_AMBER', 'PANEL_4X4', 'SNACKPACK_STRAWBERRY']","['panels', 'snackpacks', 'uv_visors']",3,False,"[-0.2911120294246949, -0.12276256972662042, -0.9272134198468568]",5046.130512379121,0.8250045526385124,"[26, 39, 48]",49,0.0006736813545692819,388.90104602969467,SNACKPACK_RASPBERRY + 0.291*UV_VISOR_AMBER + 0.123*PANEL_4X4 + 0.927*SNACKPACK_STRAWBERRY
SNACKPACK_PISTACHIO,snackpacks,3,"['ROBOT_IRONING', 'OXYGEN_SHAKE_GARLIC', 'SNACKPACK_RASPBERRY']","['oxygen_shakes', 'robots', 'snackpacks']",3,False,"[0.109972485398571, -0.07504960026606387, -0.5321624689363093]",4255.861798996055,0.878933928976481,"[24, 44, 49]",47,0.0006780052304479401,501.3794956844967,SNACKPACK_PISTACHIO − 0.110*ROBOT_IRONING + 0.075*OXYGEN_SHAKE_GARLIC + 0.532*SNACKPACK_RASPBERRY
SNACKPACK_STRAWBERRY,snackpacks,3,"['UV_VISOR_AMBER', 'OXYGEN_SHAKE_MINT', 'SNACKPACK_RASPBERRY']","['oxygen_shakes', 'snackpacks', 'uv_visors']",3,False,"[-0.33443917839145765, 0.09458210925815398, -0.9092380995618978]",5655.809225215591,0.9572116325196444,"[26, 42, 49]",48,0.000769404380580898,426.96450413016333,SNACKPACK_STRAWBERRY + 0.334*UV_VISOR_AMBER − 0.095*OXYGEN_SHAKE_MINT + 0.909*SNACKPACK_RASPBERRY
SNACKPACK_VANILLA,snackpacks,3,"['PEBBLES_L', 'OXYGEN_SHAKE_GARLIC', 'SNACKPACK_CHOCOLATE']","['oxygen_shakes', 'pebbles', 'snackpacks']",3,False,"[-0.07038719972377265, -0.04649935694446046, -0.9950741233950269]",1578.3346329278502,0.9504702710087201,"[18, 44, 45]",46,0.0007994053191062201,249.956689135101,SNACKPACK_VANILLA + 0.070*PEBBLES_L + 0.046*OXYGEN_SHAKE_GARLIC + 0.995*SNACKPACK_CHOCOLATE
SNACKPACK_PISTACHIO,snackpacks,3,"['SLEEP_POD_COTTON', 'OXYGEN_SHAKE_GARLIC', 'SNACKPACK_RASPBERRY']","['oxygen_shakes', 'sleep_pods', 'snackpacks']",3,False,"[-0.07663064971613935, -0.10045116220061175, -0.6260600660546984]",4252.485716995499,0.8790299680403804,"[9, 44, 49]",47,0.0008187893623877301,472.3593817930891,SNACKPACK_PISTACHIO + 0.077*SLEEP_POD_COTTON + 0.100*OXYGEN_SHAKE_GARLIC + 0.626*SNACKPACK_RASPBERRY
SNACKPACK_PISTACHIO,snackpacks,3,"['PEBBLES_XL', 'ROBOT_IRONING', 'SNACKPACK_RASPBERRY']","['pebbles', 'robots', 'snackpacks']",3,False,"[-0.025731812842878954, 0.1499597782332624, -0.5102752413963821]",4650.25583092036,0.867714641759151,"[19, 24, 49]",47,0.0008222827002090817,517.0206556670886,SNACKPACK_PISTACHIO + 0.026*PEBBLES_XL − 0.150*ROBOT_IRONING + 0.510*SNACKPACK_RASPBERRY
SNACKPACK_PISTACHIO,snackpacks,3,"['ROBOT_IRONING', 'TRANSLATOR_ASTRO_BLACK', 'SNACKPACK_RASPBERRY']","['robots', 'snackpacks', 'translators']",3,False,"[0.16254738628838294, 0.07613886806888805, -0.47810696789128654]",4976.471242043455,0.8584348248860298,"[24, 31, 49]",47,0.0008275905006279653,534.7042928734274,SNACKPACK_PISTACHIO − 0.163*ROBOT_IRONING − 0.076*TRANSLATOR_ASTRO_BLACK + 0.478*SNACKPACK_RASPBERRY
SNACKPACK_PISTACHIO,snackpacks,3,"['ROBOT_IRONING', 'TRANSLATOR_VOID_BLUE', 'SNACKPACK_RASPBERRY']","['robots', 'snackpacks', 'translators']",3,False,"[0.16044149408721245, -0.06748324264024455, -0.5354593350360901]",4817.463235156862,0.862958109608194,"[24, 34, 49]",47,0.0009004662956594166,515.9551282787096,SNACKPACK_PISTACHIO − 0.160*ROBOT_IRONING + 0.067*TRANSLATOR_VOID_BLUE + 0.535*SNACKPACK_RASPBERRY
SNACKPACK_PISTACHIO,snackpacks,3,"['GALAXY_SOUNDS_BLACK_HOLES', 'ROBOT_IRONING', 'SNACKPACK_RASPBERRY']","['galaxy_sounds', 'robots', 'snackpacks']",3,False,"[-0.055789520356080716, 0.1323795422903729, -0.5483541475408313]",4801.906017933776,0.8634006641962454,"[1, 24, 49]",47,0.0009194632850718056,542.9202354941004,SNACKPACK_PISTACHIO + 0.056*GALAXY_SOUNDS_BLACK_HOLES − 0.132*ROBOT_IRONING + 0.548*SNACKPACK_RASPBERRY
SNACKPACK_PISTACHIO,snackpacks,3,"['OXYGEN_SHAKE_CHOCOLATE', 'OXYGEN_SHAKE_GARLIC', 'SNACKPACK_RASPBERRY']","['oxygen_shakes', 'snackpacks']",2,False,"[0.08798459401978224, -0.18097057264815183, -0.5663474504951281]",5259.164740866552,0.8503930714591499,"[43, 44, 49]",47,0.0009613995402516308,498.59755306012977,SNACKPACK_PISTACHIO − 0.088*OXYGEN_SHAKE_CHOCOLATE + 0.181*OXYGEN_SHAKE_GARLIC + 0.566*SNACKPACK_RASPBERRY
SNACKPACK_PISTACHIO,snackpacks,3,"['ROBOT_IRONING', 'SNACKPACK_STRAWBERRY', 'SNACKPACK_RASPBERRY']","['robots', 'snackpacks']",2,False,"[0.12788214847368976, -0.18137388200552138, -0.6959365226142445]",4348.350141140512,0.876302922442963,"[24, 48, 49]",47,0.0010113838061500005,453.7994053838342,SNACKPACK_PISTACHIO − 0.128*ROBOT_IRONING + 0.181*SNACKPACK_STRAWBERRY + 0.696*SNACKPACK_RASPBERRY
SNACKPACK_PISTACHIO,snackpacks,3,"['GALAXY_SOUNDS_DARK_MATTER', 'OXYGEN_SHAKE_GARLIC', 'SNACKPACK_RASPBERRY']","['galaxy_sounds', 'oxygen_shakes', 'snackpacks']",3,False,"[-0.10876000862322004, -0.14809658265581668, -0.5487935723288017]",5365.317751982482,0.8473733474666666,"[0, 44, 49]",47,0.0010738386075640702,515.9345676200415,SNACKPACK_PISTACHIO + 0.109*GALAXY_SOUNDS_DARK_MATTER + 0.148*OXYGEN_SHAKE_GARLIC + 0.549*SNACKPACK_RASPBERRY
SNACKPACK_CHOCOLATE,snackpacks,3,"['GALAXY_SOUNDS_BLACK_HOLES', 'UV_VISOR_ORANGE', 'SNACKPACK_VANILLA']","['galaxy_sounds', 'snackpacks', 'uv_visors']",3,False,"[-0.03925352206424173, -0.08178414648280775, -0.9043383093508082]",1553.8497401431523,0.9614357813048817,"[1, 27, 46]",45,0.0010937161371976415,257.4675606277776,SNACKPACK_CHOCOLATE + 0.039*GALAXY_SOUNDS_BLACK_HOLES + 0.082*UV_VISOR_ORANGE + 0.904*SNACKPACK_VANILLA
SNACKPACK_PISTACHIO,snackpacks,3,"['MICROCHIP_OVAL', 'UV_VISOR_YELLOW', 'SNACKPACK_RASPBERRY']","['microchips', 'snackpacks', 'uv_visors']",3,False,"[0.09716441711126549, -0.08106729945166151, -0.5756930212054681]",4896.3746317621335,0.8607133250740174,"[11, 25, 49]",47,0.0011034239892372133,546.7139252280258,SNACKPACK_PISTACHIO − 0.097*MICROCHIP_OVAL + 0.081*UV_VISOR_YELLOW + 0.576*SNACKPACK_RASPBERRY
SNACKPACK_PISTACHIO,snackpacks,3,"['PEBBLES_XS', 'ROBOT_IRONING', 'SNACKPACK_RASPBERRY']","['pebbles', 'robots', 'snackpacks']",3,False,"[0.047574937999495734, 0.11378804586778073, -0.5171257106547316]",4294.961234523231,0.8778216712806064,"[15, 24, 49]",47,0.0011304861725226335,529.9911274764203,SNACKPACK_PISTACHIO − 0.048*PEBBLES_XS − 0.114*ROBOT_IRONING + 0.517*SNACKPACK_RASPBERRY
SNACKPACK_VANILLA,snackpacks,3,"['MICROCHIP_SQUARE', 'OXYGEN_SHAKE_MINT', 'SNACKPACK_CHOCOLATE']","['microchips', 'oxygen_shakes', 'snackpacks']",3,False,"[-0.03146956090326763, 0.05741629792681513, -1.0286910283871902]",1446.4744120025462,0.954608177426604,"[12, 42, 45]",46,0.0011634141078425949,246.97890698700232,SNACKPACK_VANILLA + 0.031*MICROCHIP_SQUARE − 0.057*OXYGEN_SHAKE_MINT + 1.029*SNACKPACK_CHOCOLATE
SNACKPACK_CHOCOLATE,snackpacks,3,"['UV_VISOR_ORANGE', 'OXYGEN_SHAKE_GARLIC', 'SNACKPACK_VANILLA']","['oxygen_shakes', 'snackpacks', 'uv_visors']",3,False,"[-0.08236715297294525, -0.03788473080511546, -0.9197558748021497]",1564.0615244504006,0.9611823401431541,"[27, 44, 46]",45,0.001196909259115287,257.13837151569663,SNACKPACK_CHOCOLATE + 0.082*UV_VISOR_ORANGE + 0.038*OXYGEN_SHAKE_GARLIC + 0.920*SNACKPACK_VANILLA
SNACKPACK_STRAWBERRY,snackpacks,3,"['PEBBLES_L', 'UV_VISOR_AMBER', 'SNACKPACK_RASPBERRY']","['pebbles', 'snackpacks', 'uv_visors']",3,False,"[-0.06015622812979773, -0.3330242158776117, -0.8682528891132404]",6344.613896272058,0.9520005608208414,"[18, 26, 49]",48,0.0012240076516625386,460.83456042660407,SNACKPACK_STRAWBERRY + 0.060*PEBBLES_L + 0.333*UV_VISOR_AMBER + 0.868*SNACKPACK_RASPBERRY
SNACKPACK_PISTACHIO,snackpacks,3,"['GALAXY_SOUNDS_SOLAR_WINDS', 'OXYGEN_SHAKE_GARLIC', 'SNACKPACK_RASPBERRY']","['galaxy_sounds', 'oxygen_shakes', 'snackpacks']",3,False,"[-0.07831467403544262, -0.1265710788455234, -0.515960257438024]",5280.15945426422,0.8497958369662629,"[3, 44, 49]",47,0.0012626390478124483,552.7052816515044,SNACKPACK_PISTACHIO + 0.078*GALAXY_SOUNDS_SOLAR_WINDS + 0.127*OXYGEN_SHAKE_GARLIC + 0.516*SNACKPACK_RASPBERRY
SNACKPACK_CHOCOLATE,snackpacks,3,"['SLEEP_POD_SUEDE', 'OXYGEN_SHAKE_MINT', 'SNACKPACK_VANILLA']","['oxygen_shakes', 'sleep_pods', 'snackpacks']",3,False,"[-0.06082768563668867, 0.07255679366239769, -0.9145229557063096]",1558.5731690442044,0.9613185528879858,"[5, 42, 46]",45,0.001264875878791241,272.99535749606207,SNACKPACK_CHOCOLATE + 0.061*SLEEP_POD_SUEDE − 0.073*OXYGEN_SHAKE_MINT + 0.915*SNACKPACK_VANILLA
SNACKPACK_RASPBERRY,snackpacks,3,"['PEBBLES_XS', 'TRANSLATOR_VOID_BLUE', 'SNACKPACK_STRAWBERRY']","['pebbles', 'snackpacks', 'translators']",3,False,"[-0.14610133266654204, 0.10933937277389813, -0.8285963360478686]",6101.876762076816,0.7883921846442973,"[15, 34, 48]",49,0.0012718020744205522,498.20874649546084,SNACKPACK_RASPBERRY + 0.146*PEBBLES_XS − 0.109*TRANSLATOR_VOID_BLUE + 0.829*SNACKPACK_STRAWBERRY
SNACKPACK_STRAWBERRY,snackpacks,3,"['ROBOT_LAUNDRY', 'UV_VISOR_AMBER', 'SNACKPACK_RASPBERRY']","['robots', 'snackpacks', 'uv_visors']",3,False,"[0.08147610030447999, -0.3569279458433701, -0.8317089558099925]",6320.030864400207,0.9521865408918849,"[23, 26, 49]",48,0.0012927691491124251,450.8171034756587,SNACKPACK_STRAWBERRY − 0.081*ROBOT_LAUNDRY + 0.357*UV_VISOR_AMBER + 0.832*SNACKPACK_RASPBERRY
SNACKPACK_STRAWBERRY,snackpacks,3,"['PEBBLES_XL', 'UV_VISOR_AMBER', 'SNACKPACK_RASPBERRY']","['pebbles', 'snackpacks', 'uv_visors']",3,False,"[0.042961092407782626, -0.2596639639498997, -0.8661538799811942]",5417.159432312881,0.9590171097964071,"[19, 26, 49]",48,0.0013515847910188933,442.8746355413523,SNACKPACK_STRAWBERRY − 0.043*PEBBLES_XL + 0.260*UV_VISOR_AMBER + 0.866*SNACKPACK_RASPBERRY
SNACKPACK_RASPBERRY,snackpacks,3,"['PEBBLES_XS', 'TRANSLATOR_ASTRO_BLACK', 'SNACKPACK_STRAWBERRY']","['pebbles', 'snackpacks', 'translators']",3,False,"[-0.13766258541926912, -0.09511376216725836, -0.7378225638468419]",6423.801631202619,0.7772281082591826,"[15, 31, 48]",49,0.0014363460857559872,508.10433086954436,SNACKPACK_RASPBERRY + 0.138*PEBBLES_XS + 0.095*TRANSLATOR_ASTRO_BLACK + 0.738*SNACKPACK_STRAWBERRY
SNACKPACK_STRAWBERRY,snackpacks,3,"['UV_VISOR_AMBER', 'PANEL_2X2', 'SNACKPACK_RASPBERRY']","['panels', 'snackpacks', 'uv_visors']",3,False,"[-0.3432197951310723, 0.06583739700461358, -0.8630578804761049]",6115.841564017726,0.9537313113168437,"[26, 36, 49]",48,0.0014735883289341927,457.41458064744626,SNACKPACK_STRAWBERRY + 0.343*UV_VISOR_AMBER − 0.066*PANEL_2X2 + 0.863*SNACKPACK_RASPBERRY
SNACKPACK_PISTACHIO,snackpacks,3,"['ROBOT_IRONING', 'TRANSLATOR_SPACE_GRAY', 'SNACKPACK_RASPBERRY']","['robots', 'snackpacks', 'translators']",3,False,"[0.16739246820871223, 0.057723638588146595, -0.5561834078118308]",5341.191608805435,0.8480596614264115,"[24, 30, 49]",47,0.0015430239488455047,570.9213591370839,SNACKPACK_PISTACHIO − 0.167*ROBOT_IRONING − 0.058*TRANSLATOR_SPACE_GRAY + 0.556*SNACKPACK_RASPBERRY
SNACKPACK_PISTACHIO,snackpacks,3,"['MICROCHIP_OVAL', 'ROBOT_IRONING', 'SNACKPACK_RASPBERRY']","['microchips', 'robots', 'snackpacks']",3,False,"[0.03149081770035686, 0.12982072008047618, -0.5234509057239545]",5437.400153491253,0.8453228266667042,"[11, 24, 49]",47,0.0016300410002498746,622.1111866690462,SNACKPACK_PISTACHIO − 0.031*MICROCHIP_OVAL − 0.130*ROBOT_IRONING + 0.523*SNACKPACK_RASPBERRY
SNACKPACK_PISTACHIO,snackpacks,3,"['ROBOT_IRONING', 'PANEL_2X4', 'SNACKPACK_RASPBERRY']","['panels', 'robots', 'snackpacks']",3,False,"[0.1390118212219852, -0.07562764652485071, -0.5391177761574965]",5012.4066947001265,0.8574125726915105,"[24, 38, 49]",47,0.0016505098161911417,559.1169048914098,SNACKPACK_PISTACHIO − 0.139*ROBOT_IRONING + 0.076*PANEL_2X4 + 0.539*SNACKPACK_RASPBERRY
SNACKPACK_RASPBERRY,snackpacks,3,"['UV_VISOR_AMBER', 'OXYGEN_SHAKE_MINT', 'SNACKPACK_STRAWBERRY']","['oxygen_shakes', 'snackpacks', 'uv_visors']",3,False,"[-0.2920842182505223, 0.10787011676815723, -0.8656335701766842]",5384.572351533188,0.8132676820000462,"[26, 42, 48]",49,0.0017505651639142198,449.4317745353536,SNACKPACK_RASPBERRY + 0.292*UV_VISOR_AMBER − 0.108*OXYGEN_SHAKE_MINT + 0.866*SNACKPACK_STRAWBERRY
SNACKPACK_VANILLA,snackpacks,3,"['ROBOT_IRONING', 'UV_VISOR_ORANGE', 'SNACKPACK_CHOCOLATE']","['robots', 'snackpacks', 'uv_visors']",3,False,"[0.04596579272409055, -0.08486973700761638, -1.0410659918602951]",1684.0597171330628,0.9471525114797724,"[24, 27, 45]",46,0.0017567749109788009,262.6175654282277,SNACKPACK_VANILLA − 0.046*ROBOT_IRONING + 0.085*UV_VISOR_ORANGE + 1.041*SNACKPACK_CHOCOLATE
SNACKPACK_VANILLA,snackpacks,3,"['PEBBLES_XS', 'OXYGEN_SHAKE_MINT', 'SNACKPACK_CHOCOLATE']","['oxygen_shakes', 'pebbles', 'snackpacks']",3,False,"[0.04233154335377172, 0.06024102758419444, -1.0749630098787657]",1582.4124246075335,0.9503423058025058,"[15, 42, 45]",46,0.0017757726050051175,257.5891068741321,SNACKPACK_VANILLA − 0.042*PEBBLES_XS − 0.060*OXYGEN_SHAKE_MINT + 1.075*SNACKPACK_CHOCOLATE
SNACKPACK_PISTACHIO,snackpacks,3,"['PEBBLES_S', 'ROBOT_IRONING', 'SNACKPACK_RASPBERRY']","['pebbles', 'robots', 'snackpacks']",3,False,"[0.04663509458107276, 0.1456017396333231, -0.5252853785896113]",5413.4141409591975,0.8460051543441354,"[16, 24, 49]",47,0.0017912575172468858,600.23383021803,SNACKPACK_PISTACHIO − 0.047*PEBBLES_S − 0.146*ROBOT_IRONING + 0.525*SNACKPACK_RASPBERRY
SNACKPACK_PISTACHIO,snackpacks,3,"['MICROCHIP_RECTANGLE', 'ROBOT_IRONING', 'SNACKPACK_RASPBERRY']","['microchips', 'robots', 'snackpacks']",3,False,"[0.06432666827751393, 0.14315499547021904, -0.4967605547063208]",4740.99409784938,0.8651334194386398,"[13, 24, 49]",47,0.0018002564100253213,548.1192398675902,SNACKPACK_PISTACHIO − 0.064*MICROCHIP_RECTANGLE − 0.143*ROBOT_IRONING + 0.497*SNACKPACK_RASPBERRY
SNACKPACK_CHOCOLATE,snackpacks,3,"['MICROCHIP_OVAL', 'UV_VISOR_ORANGE', 'SNACKPACK_VANILLA']","['microchips', 'snackpacks', 'uv_visors']",3,False,"[0.02950196151292626, -0.05979311422301739, -0.9000617632307685]",1413.7563747487584,0.9649126883964946,"[11, 27, 46]",45,0.001835368557084883,255.0246208118016,SNACKPACK_CHOCOLATE − 0.030*MICROCHIP_OVAL + 0.060*UV_VISOR_ORANGE + 0.900*SNACKPACK_VANILLA
SNACKPACK_PISTACHIO,snackpacks,3,"['ROBOT_IRONING', 'PANEL_1X2', 'SNACKPACK_RASPBERRY']","['panels', 'robots', 'snackpacks']",3,False,"[0.19854534183100706, 0.06749032175379134, -0.5448446426116492]",4486.701780216776,0.8723672473309145,"[24, 35, 49]",47,0.0018384418331930928,490.0134871031284,SNACKPACK_PISTACHIO − 0.199*ROBOT_IRONING − 0.067*PANEL_1X2 + 0.545*SNACKPACK_RASPBERRY
SNACKPACK_PISTACHIO,snackpacks,3,"['ROBOT_IRONING', 'OXYGEN_SHAKE_EVENING_BREATH', 'SNACKPACK_RASPBERRY']","['oxygen_shakes', 'robots', 'snackpacks']",3,False,"[0.19118819282468885, 0.07536934958606441, -0.5166986053125311]",5079.246428101047,0.8555111895420348,"[24, 41, 49]",47,0.001872531958905457,530.1700401431706,SNACKPACK_PISTACHIO − 0.191*ROBOT_IRONING − 0.075*OXYGEN_SHAKE_EVENING_BREATH + 0.517*SNACKPACK_RASPBERRY
SNACKPACK_VANILLA,snackpacks,3,"['PANEL_1X4', 'SNACKPACK_CHOCOLATE', 'SNACKPACK_STRAWBERRY']","['panels', 'snackpacks']",2,False,"[0.041909088416817106, -1.069490847272992, -0.13152532436915076]",1800.482051337127,0.94349906148168,"[37, 45, 48]",46,0.0019014571926181864,255.01008908880215,SNACKPACK_VANILLA − 0.042*PANEL_1X4 + 1.069*SNACKPACK_CHOCOLATE + 0.132*SNACKPACK_STRAWBERRY
SNACKPACK_VANILLA,snackpacks,3,"['UV_VISOR_AMBER', 'OXYGEN_SHAKE_MINT', 'SNACKPACK_CHOCOLATE']","['oxygen_shakes', 'snackpacks', 'uv_visors']",3,False,"[0.06215030167491556, 0.04782026670430694, -1.0609866574771778]",1498.4414032657332,0.9529774009486253,"[26, 42, 45]",46,0.001956663496377564,260.72085093427484,SNACKPACK_VANILLA − 0.062*UV_VISOR_AMBER − 0.048*OXYGEN_SHAKE_MINT + 1.061*SNACKPACK_CHOCOLATE
SNACKPACK_PISTACHIO,snackpacks,3,"['SLEEP_POD_SUEDE', 'ROBOT_IRONING', 'SNACKPACK_RASPBERRY']","['robots', 'sleep_pods', 'snackpacks']",3,False,"[-0.04318887534419301, 0.1552968778396773, -0.5120089040141547]",5016.5802559797485,0.8572938478150545,"[5, 24, 49]",47,0.0019701256591315207,567.5065309589347,SNACKPACK_PISTACHIO + 0.043*SLEEP_POD_SUEDE − 0.155*ROBOT_IRONING + 0.512*SNACKPACK_RASPBERRY
SNACKPACK_VANILLA,snackpacks,3,"['PEBBLES_S', 'PEBBLES_L', 'SNACKPACK_CHOCOLATE']","['pebbles', 'snackpacks']",2,False,"[0.04648416327547115, -0.06569897946211915, -0.9715215326424804]",1830.5499816649753,0.9425554995719317,"[16, 18, 45]",46,0.001978621644794045,299.4220404956417,SNACKPACK_VANILLA − 0.046*PEBBLES_S + 0.066*PEBBLES_L + 0.972*SNACKPACK_CHOCOLATE
SNACKPACK_VANILLA,snackpacks,3,"['MICROCHIP_SQUARE', 'PEBBLES_L', 'SNACKPACK_CHOCOLATE']","['microchips', 'pebbles', 'snackpacks']",3,False,"[-0.024506132323471482, -0.04433282280772752, -0.9584836025055424]",1511.2669032415215,0.9525749238536381,"[12, 18, 45]",46,0.002013384760770383,271.35576425283904,SNACKPACK_VANILLA + 0.025*MICROCHIP_SQUARE + 0.044*PEBBLES_L + 0.958*SNACKPACK_CHOCOLATE
SNACKPACK_PISTACHIO,snackpacks,3,"['UV_VISOR_MAGENTA', 'OXYGEN_SHAKE_GARLIC', 'SNACKPACK_RASPBERRY']","['oxygen_shakes', 'snackpacks', 'uv_visors']",3,False,"[-0.08429554012862465, -0.11231451552457042, -0.5347998405663281]",5114.900355013666,0.8544969458819401,"[29, 44, 49]",47,0.002026453371691139,561.9546165544083,SNACKPACK_PISTACHIO + 0.084*UV_VISOR_MAGENTA + 0.112*OXYGEN_SHAKE_GARLIC + 0.535*SNACKPACK_RASPBERRY
SNACKPACK_PISTACHIO,snackpacks,3,"['GALAXY_SOUNDS_PLANETARY_RINGS', 'UV_VISOR_AMBER', 'SNACKPACK_RASPBERRY']","['galaxy_sounds', 'snackpacks', 'uv_visors']",3,False,"[0.06968419777936982, 0.16618140124414496, -0.635831080785695]",5070.274846148721,0.8557664032282709,"[2, 26, 49]",47,0.002135509992231968,603.6209199704201,SNACKPACK_PISTACHIO − 0.070*GALAXY_SOUNDS_PLANETARY_RINGS − 0.166*UV_VISOR_AMBER + 0.636*SNACKPACK_RASPBERRY
SNACKPACK_CHOCOLATE,snackpacks,3,"['MICROCHIP_SQUARE', 'PEBBLES_L', 'SNACKPACK_VANILLA']","['microchips', 'pebbles', 'snackpacks']",3,False,"[-0.027204118336629994, -0.04310578528308699, -0.9891622026908582]",1559.6386781750189,0.9612921085503637,"[12, 18, 46]",45,0.0021519200506024843,271.5464493569798,SNACKPACK_CHOCOLATE + 0.027*MICROCHIP_SQUARE + 0.043*PEBBLES_L + 0.989*SNACKPACK_VANILLA
SNACKPACK_PISTACHIO,snackpacks,3,"['ROBOT_VACUUMING', 'OXYGEN_SHAKE_GARLIC', 'SNACKPACK_RASPBERRY']","['oxygen_shakes', 'robots', 'snackpacks']",3,False,"[0.09386346446485487, -0.11344369604817706, -0.5157228502853054]",5212.146472115186,0.8517305954044525,"[20, 44, 49]",47,0.002224837392343455,592.7007942816097,SNACKPACK_PISTACHIO − 0.094*ROBOT_VACUUMING + 0.113*OXYGEN_SHAKE_GARLIC + 0.516*SNACKPACK_RASPBERRY
SNACKPACK_CHOCOLATE,snackpacks,3,"['PEBBLES_XL', 'UV_VISOR_AMBER', 'SNACKPACK_VANILLA']","['pebbles', 'snackpacks', 'uv_visors']",3,False,"[0.014482052258679448, 0.08624251592722018, -0.9364255592963725]",1555.3043572084716,0.9613996798922577,"[19, 26, 46]",45,0.0023473580222227158,290.69608718000893,SNACKPACK_CHOCOLATE − 0.014*PEBBLES_XL − 0.086*UV_VISOR_AMBER + 0.936*SNACKPACK_VANILLA
SNACKPACK_PISTACHIO,snackpacks,3,"['ROBOT_IRONING', 'UV_VISOR_AMBER', 'SNACKPACK_RASPBERRY']","['robots', 'snackpacks', 'uv_visors']",3,False,"[0.11517579122592621, 0.0682623418919223, -0.551738707068074]",4297.509503237146,0.8777491809377154,"[24, 26, 49]",47,0.0024497589888164114,563.9360971765566,SNACKPACK_PISTACHIO − 0.115*ROBOT_IRONING − 0.068*UV_VISOR_AMBER + 0.552*SNACKPACK_RASPBERRY
SNACKPACK_PISTACHIO,snackpacks,3,"['MICROCHIP_SQUARE', 'OXYGEN_SHAKE_GARLIC', 'SNACKPACK_RASPBERRY']","['microchips', 'oxygen_shakes', 'snackpacks']",3,False,"[-0.031591429878661176, -0.10781232582684416, -0.5293769334843275]",4757.125005711168,0.8646745451308956,"[12, 44, 49]",47,0.002548969365629507,572.1511347937993,SNACKPACK_PISTACHIO + 0.032*MICROCHIP_SQUARE + 0.108*OXYGEN_SHAKE_GARLIC + 0.529*SNACKPACK_RASPBERRY
SNACKPACK_CHOCOLATE,snackpacks,3,"['UV_VISOR_AMBER', 'UV_VISOR_ORANGE', 'SNACKPACK_VANILLA']","['snackpacks', 'uv_visors']",2,False,"[0.04804577871756485, -0.0459723691146808, -0.9312560632651631]",1478.7678150637512,0.9632992020102491,"[26, 27, 46]",45,0.0026285451908707757,275.0771695113728,SNACKPACK_CHOCOLATE − 0.048*UV_VISOR_AMBER + 0.046*UV_VISOR_ORANGE + 0.931*SNACKPACK_VANILLA
SNACKPACK_CHOCOLATE,snackpacks,3,"['SLEEP_POD_POLYESTER', 'PEBBLES_L', 'SNACKPACK_VANILLA']","['pebbles', 'sleep_pods', 'snackpacks']",3,False,"[-0.05197246793007259, -0.03979915912277604, -0.9703363960968506]",1631.1359365288445,0.9595176538936321,"[7, 18, 46]",45,0.002713694774100988,282.30098522707203,SNACKPACK_CHOCOLATE + 0.052*SLEEP_POD_POLYESTER + 0.040*PEBBLES_L + 0.970*SNACKPACK_VANILLA
SNACKPACK_VANILLA,snackpacks,3,"['ROBOT_LAUNDRY', 'PANEL_1X2', 'SNACKPACK_CHOCOLATE']","['panels', 'robots', 'snackpacks']",3,False,"[0.09481887843088377, 0.07318520997055245, -0.9313081265432007]",1835.8016946891112,0.9423906955326623,"[23, 35, 45]",46,0.0028112753083535183,326.5766293521865,SNACKPACK_VANILLA − 0.095*ROBOT_LAUNDRY − 0.073*PANEL_1X2 + 0.931*SNACKPACK_CHOCOLATE
SNACKPACK_VANILLA,snackpacks,3,"['UV_VISOR_ORANGE', 'OXYGEN_SHAKE_GARLIC', 'SNACKPACK_CHOCOLATE']","['oxygen_shakes', 'snackpacks', 'uv_visors']",3,False,"[-0.08425725898524519, -0.03314310800203408, -1.0155835052609616]",1727.0181457518156,0.9458044327625037,"[27, 44, 45]",46,0.002887716146130624,272.39745340517646,SNACKPACK_VANILLA + 0.084*UV_VISOR_ORANGE + 0.033*OXYGEN_SHAKE_GARLIC + 1.016*SNACKPACK_CHOCOLATE
SNACKPACK_PISTACHIO,snackpacks,3,"['GALAXY_SOUNDS_BLACK_HOLES', 'PEBBLES_XS', 'SNACKPACK_RASPBERRY']","['galaxy_sounds', 'pebbles', 'snackpacks']",3,False,"[-0.06551072499536736, 0.06393988603579623, -0.5385181089552338]",5268.598341802011,0.8501247147655352,"[1, 15, 49]",47,0.0028885302219455963,636.3207558561083,SNACKPACK_PISTACHIO + 0.066*GALAXY_SOUNDS_BLACK_HOLES − 0.064*PEBBLES_XS + 0.539*SNACKPACK_RASPBERRY
SNACKPACK_VANILLA,snackpacks,3,"['PEBBLES_XL', 'UV_VISOR_AMBER', 'SNACKPACK_CHOCOLATE']","['pebbles', 'snackpacks', 'uv_visors']",3,False,"[0.016601345260838583, 0.08567532162748445, -1.0019837963743063]",1664.1896933315402,0.9477760528210113,"[19, 26, 45]",46,0.0029779929486592116,300.7163835055669,SNACKPACK_VANILLA − 0.017*PEBBLES_XL − 0.086*UV_VISOR_AMBER + 1.002*SNACKPACK_CHOCOLATE
SNACKPACK_CHOCOLATE,snackpacks,3,"['MICROCHIP_OVAL', 'PEBBLES_L', 'SNACKPACK_VANILLA']","['microchips', 'pebbles', 'snackpacks']",3,False,"[0.03547131820302975, -0.04527097797070302, -0.9153440649381104]",1431.4773191143104,0.9644728811510821,"[11, 18, 46]",45,0.0030010453802860903,265.95790894689685,SNACKPACK_CHOCOLATE − 0.035*MICROCHIP_OVAL + 0.045*PEBBLES_L + 0.915*SNACKPACK_VANILLA
SNACKPACK_PISTACHIO,snackpacks,3,"['PEBBLES_XS', 'OXYGEN_SHAKE_GARLIC', 'SNACKPACK_RASPBERRY']","['oxygen_shakes', 'pebbles', 'snackpacks']",3,False,"[0.05031428292888122, -0.08411664112108282, -0.5225806372758939]",5013.647091765481,0.857377287241394,"[15, 44, 49]",47,0.0030161385251995655,615.3181948545945,SNACKPACK_PISTACHIO − 0.050*PEBBLES_XS + 0.084*OXYGEN_SHAKE_GARLIC + 0.523*SNACKPACK_RASPBERRY
SNACKPACK_VANILLA,snackpacks,3,"['PEBBLES_L', 'UV_VISOR_MAGENTA', 'SNACKPACK_CHOCOLATE']","['pebbles', 'snackpacks', 'uv_visors']",3,False,"[-0.059131790080415074, -0.0596647545795592, -0.9487013051732709]",1855.047944053702,0.9417867288609316,"[18, 29, 45]",46,0.003044666238491339,305.9833407957583,SNACKPACK_VANILLA + 0.059*PEBBLES_L + 0.060*UV_VISOR_MAGENTA + 0.949*SNACKPACK_CHOCOLATE
SNACKPACK_PISTACHIO,snackpacks,3,"['ROBOT_IRONING', 'UV_VISOR_YELLOW', 'SNACKPACK_RASPBERRY']","['robots', 'snackpacks', 'uv_visors']",3,False,"[0.18856368722117173, -0.04186496657270613, -0.5610518025386768]",5185.659458983733,0.852484068793492,"[24, 25, 49]",47,0.0031444719873958854,552.1131427955546,SNACKPACK_PISTACHIO − 0.189*ROBOT_IRONING + 0.042*UV_VISOR_YELLOW + 0.561*SNACKPACK_RASPBERRY
SNACKPACK_VANILLA,snackpacks,3,"['GALAXY_SOUNDS_BLACK_HOLES', 'UV_VISOR_ORANGE', 'SNACKPACK_CHOCOLATE']","['galaxy_sounds', 'snackpacks', 'uv_visors']",3,False,"[-0.03355888770143712, -0.08526189756818511, -1.0261607127776275]",1763.1671028503297,0.9446700421136174,"[1, 27, 45]",46,0.0031910720743351987,276.16316644398887,SNACKPACK_VANILLA + 0.034*GALAXY_SOUNDS_BLACK_HOLES + 0.085*UV_VISOR_ORANGE + 1.026*SNACKPACK_CHOCOLATE
SNACKPACK_CHOCOLATE,snackpacks,3,"['MICROCHIP_SQUARE', 'PANEL_2X2', 'SNACKPACK_VANILLA']","['microchips', 'panels', 'snackpacks']",3,False,"[-0.03086229619413255, 0.03940893921042478, -0.9061356754618339]",1584.6248009719493,0.9606719904791047,"[12, 36, 46]",45,0.0032366722936145883,291.5784976666318,SNACKPACK_CHOCOLATE + 0.031*MICROCHIP_SQUARE − 0.039*PANEL_2X2 + 0.906*SNACKPACK_VANILLA
SNACKPACK_CHOCOLATE,snackpacks,3,"['MICROCHIP_SQUARE', 'UV_VISOR_RED', 'SNACKPACK_VANILLA']","['microchips', 'snackpacks', 'uv_visors']",3,False,"[-0.029713395083750874, -0.04116592413510815, -0.9315902693998375]",1656.8673185050939,0.9588790396079494,"[12, 28, 46]",45,0.0032946550124099286,292.3328714925454,SNACKPACK_CHOCOLATE + 0.030*MICROCHIP_SQUARE + 0.041*UV_VISOR_RED + 0.932*SNACKPACK_VANILLA
SNACKPACK_VANILLA,snackpacks,3,"['SLEEP_POD_POLYESTER', 'PEBBLES_L', 'SNACKPACK_CHOCOLATE']","['pebbles', 'sleep_pods', 'snackpacks']",3,False,"[-0.046177476172325135, -0.04277288257467579, -0.9698517021578668]",1630.321165790294,0.9488388812956928,"[7, 18, 45]",46,0.0032947372431974967,285.9303648986855,SNACKPACK_VANILLA + 0.046*SLEEP_POD_POLYESTER + 0.043*PEBBLES_L + 0.970*SNACKPACK_CHOCOLATE
SNACKPACK_RASPBERRY,snackpacks,3,"['OXYGEN_SHAKE_MINT', 'SNACKPACK_PISTACHIO', 'SNACKPACK_STRAWBERRY']","['oxygen_shakes', 'snackpacks']",2,False,"[0.09487157645088064, -0.7776456683573335, -0.3320936621881112]",5224.508760088051,0.8188185490896931,"[42, 47, 48]",49,0.0033402138950360035,488.12922136757163,SNACKPACK_RASPBERRY − 0.095*OXYGEN_SHAKE_MINT + 0.778*SNACKPACK_PISTACHIO + 0.332*SNACKPACK_STRAWBERRY
SNACKPACK_RASPBERRY,snackpacks,3,"['TRANSLATOR_VOID_BLUE', 'SNACKPACK_PISTACHIO', 'SNACKPACK_STRAWBERRY']","['snackpacks', 'translators']",2,False,"[0.1569121119096733, -0.6595066321047721, -0.5441998677978905]",4741.319840619992,0.8355751234420596,"[34, 47, 48]",49,0.0034347406305145455,449.39281354597176,SNACKPACK_RASPBERRY − 0.157*TRANSLATOR_VOID_BLUE + 0.660*SNACKPACK_PISTACHIO + 0.544*SNACKPACK_STRAWBERRY
SNACKPACK_STRAWBERRY,snackpacks,3,"['UV_VISOR_AMBER', 'OXYGEN_SHAKE_GARLIC', 'SNACKPACK_RASPBERRY']","['oxygen_shakes', 'snackpacks', 'uv_visors']",3,False,"[-0.27304431522095624, 0.06048280988359723, -0.829479618343598]",6433.452851706883,0.9513284600267112,"[26, 44, 49]",48,0.003857673312488573,543.5466069754676,SNACKPACK_STRAWBERRY + 0.273*UV_VISOR_AMBER − 0.060*OXYGEN_SHAKE_GARLIC + 0.829*SNACKPACK_RASPBERRY
SNACKPACK_PISTACHIO,snackpacks,3,"['SLEEP_POD_POLYESTER', 'ROBOT_IRONING', 'SNACKPACK_RASPBERRY']","['robots', 'sleep_pods', 'snackpacks']",3,False,"[-0.05662693897508433, 0.131341193645248, -0.5779335559162615]",4711.356256891879,0.8659765241088128,"[7, 24, 49]",47,0.0038673512095265734,567.980983637159,SNACKPACK_PISTACHIO + 0.057*SLEEP_POD_POLYESTER − 0.131*ROBOT_IRONING + 0.578*SNACKPACK_RASPBERRY
SNACKPACK_PISTACHIO,snackpacks,3,"['SLEEP_POD_POLYESTER', 'OXYGEN_SHAKE_GARLIC', 'SNACKPACK_RASPBERRY']","['oxygen_shakes', 'sleep_pods', 'snackpacks']",3,False,"[-0.06311030293346952, -0.0996243810448941, -0.5902902358502082]",5009.283843463607,0.8575014081254256,"[7, 44, 49]",47,0.003940114927113271,585.0556377004156,SNACKPACK_PISTACHIO + 0.063*SLEEP_POD_POLYESTER + 0.100*OXYGEN_SHAKE_GARLIC + 0.590*SNACKPACK_RASPBERRY
SNACKPACK_CHOCOLATE,snackpacks,3,"['SLEEP_POD_NYLON', 'MICROCHIP_OVAL', 'SNACKPACK_VANILLA']","['microchips', 'sleep_pods', 'snackpacks']",3,False,"[0.071623401744202, 0.05864265061718744, -0.9064015883496711]",1481.1560293357907,0.9632399301159994,"[8, 11, 46]",45,0.003968809625878425,269.71595725940136,SNACKPACK_CHOCOLATE − 0.072*SLEEP_POD_NYLON − 0.059*MICROCHIP_OVAL + 0.906*SNACKPACK_VANILLA
SNACKPACK_RASPBERRY,snackpacks,3,"['SLEEP_POD_SUEDE', 'PEBBLES_XS', 'SNACKPACK_STRAWBERRY']","['pebbles', 'sleep_pods', 'snackpacks']",3,False,"[0.07020420503457253, -0.13421293455324693, -0.78216161884493]",6304.99360829085,0.7813482678683277,"[5, 15, 48]",49,0.004006918174164199,561.0460829701169,SNACKPACK_RASPBERRY − 0.070*SLEEP_POD_SUEDE + 0.134*PEBBLES_XS + 0.782*SNACKPACK_STRAWBERRY
SNACKPACK_RASPBERRY,snackpacks,3,"['TRANSLATOR_ASTRO_BLACK', 'SNACKPACK_PISTACHIO', 'SNACKPACK_STRAWBERRY']","['snackpacks', 'translators']",2,False,"[-0.14090622715285717, -0.6000386858122706, -0.4450717299445844]",5115.772344526587,0.8225894340557046,"[31, 47, 48]",49,0.004047340814238318,474.3674518903347,SNACKPACK_RASPBERRY + 0.141*TRANSLATOR_ASTRO_BLACK + 0.600*SNACKPACK_PISTACHIO + 0.445*SNACKPACK_STRAWBERRY
SNACKPACK_VANILLA,snackpacks,3,"['UV_VISOR_ORANGE', 'SNACKPACK_CHOCOLATE', 'SNACKPACK_STRAWBERRY']","['snackpacks', 'uv_visors']",2,False,"[-0.0612071266692518, -0.9818679013245531, -0.09083787268272515]",1825.4196988558833,0.9427164930088632,"[27, 45, 48]",46,0.00407511426464833,288.5725497038474,SNACKPACK_VANILLA + 0.061*UV_VISOR_ORANGE + 0.982*SNACKPACK_CHOCOLATE + 0.091*SNACKPACK_STRAWBERRY
SNACKPACK_CHOCOLATE,snackpacks,3,"['UV_VISOR_AMBER', 'PANEL_1X4', 'SNACKPACK_VANILLA']","['panels', 'snackpacks', 'uv_visors']",3,False,"[0.05267777583834253, 0.02925480155487544, -0.8773548892479923]",1511.6976098434534,0.9624819339214101,"[26, 37, 46]",45,0.004119810676858532,296.2617777176957,SNACKPACK_CHOCOLATE − 0.053*UV_VISOR_AMBER − 0.029*PANEL_1X4 + 0.877*SNACKPACK_VANILLA
SNACKPACK_VANILLA,snackpacks,3,"['SLEEP_POD_SUEDE', 'OXYGEN_SHAKE_MINT', 'SNACKPACK_CHOCOLATE']","['oxygen_shakes', 'sleep_pods', 'snackpacks']",3,False,"[-0.05974569713113253, 0.06912200730663509, -1.0257126166261281]",1748.0678352014984,0.9451438723261789,"[5, 42, 45]",46,0.0041632155672847735,292.478756971154,SNACKPACK_VANILLA + 0.060*SLEEP_POD_SUEDE − 0.069*OXYGEN_SHAKE_MINT + 1.026*SNACKPACK_CHOCOLATE
SNACKPACK_PISTACHIO,snackpacks,3,"['MICROCHIP_SQUARE', 'ROBOT_IRONING', 'SNACKPACK_RASPBERRY']","['microchips', 'robots', 'snackpacks']",3,False,"[-0.025087829471213477, 0.14277406758690392, -0.5238247796521268]",4955.626248790119,0.8590278003050833,"[12, 24, 49]",47,0.004190198121052722,603.6248406756306,SNACKPACK_PISTACHIO + 0.025*MICROCHIP_SQUARE − 0.143*ROBOT_IRONING + 0.524*SNACKPACK_RASPBERRY
SNACKPACK_RASPBERRY,snackpacks,3,"['PEBBLES_L', 'UV_VISOR_AMBER', 'SNACKPACK_STRAWBERRY']","['pebbles', 'snackpacks', 'uv_visors']",3,False,"[-0.07051672879583436, -0.2943472999349784, -0.877212367143765]",6410.083795109771,0.7777038309655238,"[18, 26, 48]",49,0.004196654799490574,511.4888239673237,SNACKPACK_RASPBERRY + 0.071*PEBBLES_L + 0.294*UV_VISOR_AMBER + 0.877*SNACKPACK_STRAWBERRY
SNACKPACK_CHOCOLATE,snackpacks,3,"['SLEEP_POD_POLYESTER', 'UV_VISOR_ORANGE', 'SNACKPACK_VANILLA']","['sleep_pods', 'snackpacks', 'uv_visors']",3,False,"[-0.04279300805446819, -0.05467946370830603, -0.9499549241332901]",1628.539554729039,0.9595820921935249,"[7, 27, 46]",45,0.004317336348007922,284.6002135992125,SNACKPACK_CHOCOLATE + 0.043*SLEEP_POD_POLYESTER + 0.055*UV_VISOR_ORANGE + 0.950*SNACKPACK_VANILLA
SNACKPACK_CHOCOLATE,snackpacks,3,"['SLEEP_POD_POLYESTER', 'PANEL_1X4', 'SNACKPACK_VANILLA']","['panels', 'sleep_pods', 'snackpacks']",3,False,"[-0.04821415494703095, 0.03473074675346742, -0.8877669385725274]",1689.373520130248,0.958072284465522,"[7, 37, 46]",45,0.00432373930399562,310.75726715755496,SNACKPACK_CHOCOLATE + 0.048*SLEEP_POD_POLYESTER − 0.035*PANEL_1X4 + 0.888*SNACKPACK_VANILLA
SNACKPACK_STRAWBERRY,snackpacks,3,"['UV_VISOR_AMBER', 'TRANSLATOR_ASTRO_BLACK', 'SNACKPACK_RASPBERRY']","['snackpacks', 'translators', 'uv_visors']",3,False,"[-0.2785057026850508, -0.11687249164608751, -0.9062412504861543]",6188.933196493468,0.9531783450646993,"[26, 31, 49]",48,0.0044813720089095475,501.22137702124144,SNACKPACK_STRAWBERRY + 0.279*UV_VISOR_AMBER + 0.117*TRANSLATOR_ASTRO_BLACK + 0.906*SNACKPACK_RASPBERRY
SNACKPACK_VANILLA,snackpacks,3,"['MICROCHIP_OVAL', 'UV_VISOR_ORANGE', 'SNACKPACK_CHOCOLATE']","['microchips', 'snackpacks', 'uv_visors']",3,False,"[0.02636485191292853, -0.06613479315403228, -1.0378144824211366]",1630.1290647687274,0.9488449096190525,"[11, 27, 45]",46,0.00453378946512904,270.15482365611564,SNACKPACK_VANILLA − 0.026*MICROCHIP_OVAL + 0.066*UV_VISOR_ORANGE + 1.038*SNACKPACK_CHOCOLATE
SNACKPACK_CHOCOLATE,snackpacks,3,"['SLEEP_POD_COTTON', 'UV_VISOR_AMBER', 'SNACKPACK_VANILLA']","['sleep_pods', 'snackpacks', 'uv_visors']",3,False,"[-0.028107176358151104, 0.04716633679917943, -0.900190388425187]",1603.2984090307727,0.9602085395504834,"[9, 26, 46]",45,0.004556808442642106,306.36756671471704,SNACKPACK_CHOCOLATE + 0.028*SLEEP_POD_COTTON − 0.047*UV_VISOR_AMBER + 0.900*SNACKPACK_VANILLA
SNACKPACK_PISTACHIO,snackpacks,3,"['SLEEP_POD_COTTON', 'ROBOT_IRONING', 'SNACKPACK_RASPBERRY']","['robots', 'sleep_pods', 'snackpacks']",3,False,"[-0.05530304024087532, 0.1364137383428471, -0.5948282985115324]",5105.03842648389,0.8547774871673964,"[9, 24, 49]",47,0.004691464186872459,597.2061269517953,SNACKPACK_PISTACHIO + 0.055*SLEEP_POD_COTTON − 0.136*ROBOT_IRONING + 0.595*SNACKPACK_RASPBERRY
SNACKPACK_RASPBERRY,snackpacks,3,"['GALAXY_SOUNDS_PLANETARY_RINGS', 'SNACKPACK_PISTACHIO', 'SNACKPACK_STRAWBERRY']","['galaxy_sounds', 'snackpacks']",2,False,"[0.08183813589515072, -0.7442108736155655, -0.4376105215975566]",4181.230372302249,0.8549985424024446,"[2, 47, 48]",49,0.004700072842528027,440.3896727746451,SNACKPACK_RASPBERRY − 0.082*GALAXY_SOUNDS_PLANETARY_RINGS + 0.744*SNACKPACK_PISTACHIO + 0.438*SNACKPACK_STRAWBERRY
SNACKPACK_VANILLA,snackpacks,3,"['UV_VISOR_AMBER', 'UV_VISOR_ORANGE', 'SNACKPACK_CHOCOLATE']","['snackpacks', 'uv_visors']",2,False,"[0.04372588616092585, -0.050105024922334665, -1.0116144888378742]",1606.3712295204386,0.9495904543956277,"[26, 27, 45]",46,0.004763921261883326,284.6704506413809,SNACKPACK_VANILLA − 0.044*UV_VISOR_AMBER + 0.050*UV_VISOR_ORANGE + 1.012*SNACKPACK_CHOCOLATE
SNACKPACK_CHOCOLATE,snackpacks,3,"['PEBBLES_XS', 'UV_VISOR_ORANGE', 'SNACKPACK_VANILLA']","['pebbles', 'snackpacks', 'uv_visors']",3,False,"[0.029301223268721317, -0.054985826765291124, -0.9311878864030282]",1656.1044554834662,0.9588979727233211,"[15, 27, 46]",45,0.005056488939797505,297.1836189030399,SNACKPACK_CHOCOLATE − 0.029*PEBBLES_XS + 0.055*UV_VISOR_ORANGE + 0.931*SNACKPACK_VANILLA
SNACKPACK_PISTACHIO,snackpacks,3,"['UV_VISOR_AMBER', 'OXYGEN_SHAKE_GARLIC', 'SNACKPACK_RASPBERRY']","['oxygen_shakes', 'snackpacks', 'uv_visors']",3,False,"[0.07207726247918922, -0.08560314924225221, -0.5592189004222607]",4994.8859508512905,0.8579109835232928,"[26, 44, 49]",47,0.00550207491933575,649.6897651785795,SNACKPACK_PISTACHIO − 0.072*UV_VISOR_AMBER + 0.086*OXYGEN_SHAKE_GARLIC + 0.559*SNACKPACK_RASPBERRY
SNACKPACK_CHOCOLATE,snackpacks,3,"['SLEEP_POD_COTTON', 'PEBBLES_XS', 'SNACKPACK_VANILLA']","['pebbles', 'sleep_pods', 'snackpacks']",3,False,"[-0.038138028556231766, 0.027096156763506882, -0.8900109065762442]",1703.685923566969,0.9577170720907813,"[9, 15, 46]",45,0.0055304151417982506,314.2943919575629,SNACKPACK_CHOCOLATE + 0.038*SLEEP_POD_COTTON − 0.027*PEBBLES_XS + 0.890*SNACKPACK_VANILLA
SNACKPACK_VANILLA,snackpacks,3,"['MICROCHIP_OVAL', 'PEBBLES_L', 'SNACKPACK_CHOCOLATE']","['microchips', 'pebbles', 'snackpacks']",3,False,"[0.03207775665429158, -0.05090362553166026, -1.0191351489102336]",1593.7928770814979,0.9499851757522147,"[11, 18, 45]",46,0.005543951959068062,277.85898756917595,SNACKPACK_VANILLA − 0.032*MICROCHIP_OVAL + 0.051*PEBBLES_L + 1.019*SNACKPACK_CHOCOLATE
SNACKPACK_RASPBERRY,snackpacks,3,"['PEBBLES_XL', 'UV_VISOR_AMBER', 'SNACKPACK_STRAWBERRY']","['pebbles', 'snackpacks', 'uv_visors']",3,False,"[0.045418680334608184, -0.22808854845329893, -0.9163951684110349]",5731.381969208029,0.8012406240305008,"[19, 26, 48]",49,0.005908813798959604,508.15572162083976,SNACKPACK_RASPBERRY − 0.045*PEBBLES_XL + 0.228*UV_VISOR_AMBER + 0.916*SNACKPACK_STRAWBERRY
SNACKPACK_CHOCOLATE,snackpacks,3,"['SLEEP_POD_COTTON', 'MICROCHIP_SQUARE', 'SNACKPACK_VANILLA']","['microchips', 'sleep_pods', 'snackpacks']",3,False,"[-0.038367918808160435, -0.020484795103583035, -0.9209982096210962]",1703.0198246887812,0.9577336036653263,"[9, 12, 46]",45,0.006119652582379415,311.01509150325256,SNACKPACK_CHOCOLATE + 0.038*SLEEP_POD_COTTON + 0.020*MICROCHIP_SQUARE + 0.921*SNACKPACK_VANILLA
SNACKPACK_RASPBERRY,snackpacks,3,"['UV_VISOR_AMBER', 'TRANSLATOR_ASTRO_BLACK', 'SNACKPACK_STRAWBERRY']","['snackpacks', 'translators', 'uv_visors']",3,False,"[-0.21654093408364936, -0.14519295267825955, -0.8426409640978165]",5754.591983793067,0.8004357207733196,"[26, 31, 48]",49,0.00617860174411054,509.48382720710845,SNACKPACK_RASPBERRY + 0.217*UV_VISOR_AMBER + 0.145*TRANSLATOR_ASTRO_BLACK + 0.843*SNACKPACK_STRAWBERRY
SNACKPACK_CHOCOLATE,snackpacks,3,"['MICROCHIP_SQUARE', 'UV_VISOR_ORANGE', 'SNACKPACK_VANILLA']","['microchips', 'snackpacks', 'uv_visors']",3,False,"[-0.022158349752403408, -0.05510416699152821, -0.9650977257717268]",1663.0210762187198,0.9587263125764134,"[12, 27, 46]",45,0.006196408071893461,294.9643908370269,SNACKPACK_CHOCOLATE + 0.022*MICROCHIP_SQUARE + 0.055*UV_VISOR_ORANGE + 0.965*SNACKPACK_VANILLA
SNACKPACK_VANILLA,snackpacks,3,"['SLEEP_POD_POLYESTER', 'UV_VISOR_ORANGE', 'SNACKPACK_CHOCOLATE']","['sleep_pods', 'snackpacks', 'uv_visors']",3,False,"[-0.03860067656784037, -0.05615130565172828, -0.9911590610767135]",1699.1771872378195,0.9466781100558276,"[7, 27, 45]",46,0.006219715345887568,292.41855313313226,SNACKPACK_VANILLA + 0.039*SLEEP_POD_POLYESTER + 0.056*UV_VISOR_ORANGE + 0.991*SNACKPACK_CHOCOLATE
SNACKPACK_VANILLA,snackpacks,3,"['MICROCHIP_OVAL', 'OXYGEN_SHAKE_CHOCOLATE', 'SNACKPACK_CHOCOLATE']","['microchips', 'oxygen_shakes', 'snackpacks']",3,False,"[0.05286804429335795, 0.07448528374066472, -0.9789645109003859]",1571.2530780316229,0.9506924973272266,"[11, 43, 45]",46,0.006779644687194717,284.4814015795276,SNACKPACK_VANILLA − 0.053*MICROCHIP_OVAL − 0.074*OXYGEN_SHAKE_CHOCOLATE + 0.979*SNACKPACK_CHOCOLATE
SNACKPACK_CHOCOLATE,snackpacks,3,"['UV_VISOR_AMBER', 'SNACKPACK_VANILLA', 'SNACKPACK_RASPBERRY']","['snackpacks', 'uv_visors']",2,False,"[0.06647022253257996, -0.9183704572607754, 0.061009629021804186]",1682.386745574273,0.9582456857249805,"[26, 46, 49]",45,0.006871016376632937,332.0160368095912,SNACKPACK_CHOCOLATE − 0.066*UV_VISOR_AMBER + 0.918*SNACKPACK_VANILLA − 0.061*SNACKPACK_RASPBERRY
SNACKPACK_VANILLA,snackpacks,3,"['PEBBLES_L', 'UV_VISOR_ORANGE', 'SNACKPACK_CHOCOLATE']","['pebbles', 'snackpacks', 'uv_visors']",3,False,"[-0.040324416814257365, -0.07012581440283892, -0.923709679328555]",1857.0826126104585,0.9417228789142215,"[18, 27, 45]",46,0.006954723432795699,325.48497198763107,SNACKPACK_VANILLA + 0.040*PEBBLES_L + 0.070*UV_VISOR_ORANGE + 0.924*SNACKPACK_CHOCOLATE
SNACKPACK_RASPBERRY,snackpacks,3,"['ROBOT_IRONING', 'SNACKPACK_PISTACHIO', 'SNACKPACK_STRAWBERRY']","['robots', 'snackpacks']",2,False,"[0.08767588629128326, -0.980079814212431, -0.29236781250092564]",6123.734076278473,0.7876341918679598,"[24, 47, 48]",49,0.006993287885066287,524.3403419517538,SNACKPACK_RASPBERRY − 0.088*ROBOT_IRONING + 0.980*SNACKPACK_PISTACHIO + 0.292*SNACKPACK_STRAWBERRY
SNACKPACK_VANILLA,snackpacks,3,"['MICROCHIP_SQUARE', 'UV_VISOR_ORANGE', 'SNACKPACK_CHOCOLATE']","['microchips', 'snackpacks', 'uv_visors']",3,False,"[-0.020322687987617164, -0.054455418960767235, -0.9783165511107877]",1685.7992722031086,0.9470979224912351,"[12, 27, 45]",46,0.0070545324528170665,299.5361869507871,SNACKPACK_VANILLA + 0.020*MICROCHIP_SQUARE + 0.054*UV_VISOR_ORANGE + 0.978*SNACKPACK_CHOCOLATE
SNACKPACK_CHOCOLATE,snackpacks,3,"['MICROCHIP_SQUARE', 'ROBOT_LAUNDRY', 'SNACKPACK_VANILLA']","['microchips', 'robots', 'snackpacks']",3,False,"[-0.02568988698362402, 0.04841663268717823, -0.9075744752076389]",1632.4735932303156,0.9594844552617169,"[12, 23, 46]",45,0.007417958609193065,307.4971667617999,SNACKPACK_CHOCOLATE + 0.026*MICROCHIP_SQUARE − 0.048*ROBOT_LAUNDRY + 0.908*SNACKPACK_VANILLA
SNACKPACK_VANILLA,snackpacks,3,"['SLEEP_POD_SUEDE', 'PEBBLES_L', 'SNACKPACK_CHOCOLATE']","['pebbles', 'sleep_pods', 'snackpacks']",3,False,"[-0.04100134606373274, -0.0510147826995677, -0.9379943666836391]",1865.1174162052666,0.9414707386923403,"[5, 18, 45]",46,0.007526847185262195,331.1397688616402,SNACKPACK_VANILLA + 0.041*SLEEP_POD_SUEDE + 0.051*PEBBLES_L + 0.938*SNACKPACK_CHOCOLATE
SNACKPACK_VANILLA,snackpacks,3,"['SLEEP_POD_NYLON', 'MICROCHIP_OVAL', 'SNACKPACK_CHOCOLATE']","['microchips', 'sleep_pods', 'snackpacks']",3,False,"[0.08038370143214829, 0.05827085795018132, -1.0269580705283745]",1678.158067670276,0.9473377111784897,"[8, 11, 45]",46,0.007856739503893338,284.7705872749813,SNACKPACK_VANILLA − 0.080*SLEEP_POD_NYLON − 0.058*MICROCHIP_OVAL + 1.027*SNACKPACK_CHOCOLATE
SNACKPACK_VANILLA,snackpacks,3,"['MICROCHIP_SQUARE', 'UV_VISOR_RED', 'SNACKPACK_CHOCOLATE']","['microchips', 'snackpacks', 'uv_visors']",3,False,"[-0.02903452468611767, -0.03673430111817499, -1.0061043146957749]",1789.3932695328767,0.9438470386128597,"[12, 28, 45]",46,0.008070153299644067,309.68014593842554,SNACKPACK_VANILLA + 0.029*MICROCHIP_SQUARE + 0.037*UV_VISOR_RED + 1.006*SNACKPACK_CHOCOLATE
SNACKPACK_RASPBERRY,snackpacks,3,"['UV_VISOR_AMBER', 'PANEL_2X2', 'SNACKPACK_STRAWBERRY']","['panels', 'snackpacks', 'uv_visors']",3,False,"[-0.309710896372929, 0.0731726322596091, -0.892062206090805]",6321.373387715132,0.7807802312666181,"[26, 36, 48]",49,0.008429284022061835,532.4262110056267,SNACKPACK_RASPBERRY + 0.310*UV_VISOR_AMBER − 0.073*PANEL_2X2 + 0.892*SNACKPACK_STRAWBERRY
SNACKPACK_CHOCOLATE,snackpacks,3,"['SLEEP_POD_COTTON', 'MICROCHIP_OVAL', 'SNACKPACK_VANILLA']","['microchips', 'sleep_pods', 'snackpacks']",3,False,"[-0.0378083357204979, 0.026958344808986966, -0.8650609062889126]",1661.0927676486317,0.9587741703013191,"[9, 11, 46]",45,0.008511937662471738,313.164370648398,SNACKPACK_CHOCOLATE + 0.038*SLEEP_POD_COTTON − 0.027*MICROCHIP_OVAL + 0.865*SNACKPACK_VANILLA
SNACKPACK_VANILLA,snackpacks,3,"['PEBBLES_XS', 'UV_VISOR_ORANGE', 'SNACKPACK_CHOCOLATE']","['pebbles', 'snackpacks', 'uv_visors']",3,False,"[0.025380248358117627, -0.05934549221046311, -1.00314020395945]",1784.0706322642254,0.9440140683262901,"[15, 27, 45]",46,0.008556592156268354,308.5500092112892,SNACKPACK_VANILLA − 0.025*PEBBLES_XS + 0.059*UV_VISOR_ORANGE + 1.003*SNACKPACK_CHOCOLATE
SNACKPACK_CHOCOLATE,snackpacks,3,"['UV_VISOR_AMBER', 'OXYGEN_SHAKE_EVENING_BREATH', 'SNACKPACK_VANILLA']","['oxygen_shakes', 'snackpacks', 'uv_visors']",3,False,"[0.06659092639168586, -0.036978740525704414, -0.9086206516410277]",1573.1514437545848,0.9609567419872247,"[26, 41, 46]",45,0.008665465710843182,303.064645556092,SNACKPACK_CHOCOLATE − 0.067*UV_VISOR_AMBER + 0.037*OXYGEN_SHAKE_EVENING_BREATH + 0.909*SNACKPACK_VANILLA
SNACKPACK_RASPBERRY,snackpacks,3,"['SLEEP_POD_COTTON', 'SNACKPACK_PISTACHIO', 'SNACKPACK_STRAWBERRY']","['sleep_pods', 'snackpacks']",2,False,"[-0.05885006821163165, -0.851434869644105, -0.279586957952027]",6359.605509967692,0.7794543742915057,"[9, 47, 48]",49,0.008858236182375313,556.1756690994829,SNACKPACK_RASPBERRY + 0.059*SLEEP_POD_COTTON + 0.851*SNACKPACK_PISTACHIO + 0.280*SNACKPACK_STRAWBERRY
SNACKPACK_CHOCOLATE,snackpacks,3,"['MICROCHIP_OVAL', 'OXYGEN_SHAKE_CHOCOLATE', 'SNACKPACK_VANILLA']","['microchips', 'oxygen_shakes', 'snackpacks']",3,False,"[0.05496047065052766, 0.063364110166362, -0.9439796096893655]",1515.1017741790565,0.9623974476712144,"[11, 43, 46]",45,0.008863901700556844,282.9257373198581,SNACKPACK_CHOCOLATE − 0.055*MICROCHIP_OVAL − 0.063*OXYGEN_SHAKE_CHOCOLATE + 0.944*SNACKPACK_VANILLA
SNACKPACK_VANILLA,snackpacks,3,"['SLEEP_POD_COTTON', 'UV_VISOR_ORANGE', 'SNACKPACK_CHOCOLATE']","['sleep_pods', 'snackpacks', 'uv_visors']",3,False,"[-0.0380038582834822, -0.06329613803225226, -0.9997454174883238]",1865.562135563563,0.9414567829513751,"[9, 27, 45]",46,0.00945457320872636,315.66287756623666,SNACKPACK_VANILLA + 0.038*SLEEP_POD_COTTON + 0.063*UV_VISOR_ORANGE + 1.000*SNACKPACK_CHOCOLATE
SNACKPACK_VANILLA,snackpacks,3,"['MICROCHIP_SQUARE', 'PANEL_2X2', 'SNACKPACK_CHOCOLATE']","['microchips', 'panels', 'snackpacks']",3,False,"[-0.030886498863891974, 0.033305610926108405, -1.0267416569747512]",1795.5371782531183,0.9436542365748685,"[12, 36, 45]",46,0.009539276234396602,313.5535177677282,SNACKPACK_VANILLA + 0.031*MICROCHIP_SQUARE − 0.033*PANEL_2X2 + 1.027*SNACKPACK_CHOCOLATE
SNACKPACK_CHOCOLATE,snackpacks,3,"['UV_VISOR_AMBER', 'PANEL_2X2', 'SNACKPACK_VANILLA']","['panels', 'snackpacks', 'uv_visors']",3,False,"[0.06220913500226776, 0.0169111438209055, -0.8980755182341731]",1702.6087335639095,0.957743806330123,"[26, 36, 46]",45,0.009551685155808726,336.18209943243573,SNACKPACK_CHOCOLATE − 0.062*UV_VISOR_AMBER − 0.017*PANEL_2X2 + 0.898*SNACKPACK_VANILLA
SNACKPACK_VANILLA,snackpacks,3,"['UV_VISOR_AMBER', 'OXYGEN_SHAKE_CHOCOLATE', 'SNACKPACK_CHOCOLATE']","['oxygen_shakes', 'snackpacks', 'uv_visors']",3,False,"[0.06545107037324085, 0.02873205552831196, -0.9722265871100652]",1817.06268435104,0.9429787445333281,"[26, 43, 45]",46,0.009998964115673553,348.8747034763191,SNACKPACK_VANILLA − 0.065*UV_VISOR_AMBER − 0.029*OXYGEN_SHAKE_CHOCOLATE + 0.972*SNACKPACK_CHOCOLATE
SNACKPACK_STRAWBERRY,snackpacks,3,"['PEBBLES_XS', 'UV_VISOR_AMBER', 'SNACKPACK_RASPBERRY']","['pebbles', 'snackpacks', 'uv_visors']",3,False,"[-0.08841266102039681, -0.1970913665777806, -0.8787581616996741]",6280.721349905682,0.9524839324559722,"[15, 26, 49]",48,0.010775353863894093,584.5106408458362,SNACKPACK_STRAWBERRY + 0.088*PEBBLES_XS + 0.197*UV_VISOR_AMBER + 0.879*SNACKPACK_RASPBERRY
SNACKPACK_CHOCOLATE,snackpacks,3,"['MICROCHIP_CIRCLE', 'MICROCHIP_OVAL', 'SNACKPACK_VANILLA']","['microchips', 'snackpacks']",2,False,"[0.04860518116565836, 0.04812663764280182, -0.9179040047383262]",1594.2024966726676,0.9604342864450173,"[10, 11, 46]",45,0.010898663431622404,302.0345499318887,SNACKPACK_CHOCOLATE − 0.049*MICROCHIP_CIRCLE − 0.048*MICROCHIP_OVAL + 0.918*SNACKPACK_VANILLA
SNACKPACK_RASPBERRY,snackpacks,3,"['UV_VISOR_AMBER', 'TRANSLATOR_VOID_BLUE', 'SNACKPACK_STRAWBERRY']","['snackpacks', 'translators', 'uv_visors']",3,False,"[-0.23798379037801043, 0.13320342685295097, -0.9469081466846878]",6376.604187177134,0.7788648748492057,"[26, 34, 48]",49,0.010986478535876924,558.5879074802297,SNACKPACK_RASPBERRY + 0.238*UV_VISOR_AMBER − 0.133*TRANSLATOR_VOID_BLUE + 0.947*SNACKPACK_STRAWBERRY
SNACKPACK_CHOCOLATE,snackpacks,3,"['ROBOT_LAUNDRY', 'UV_VISOR_AMBER', 'SNACKPACK_VANILLA']","['robots', 'snackpacks', 'uv_visors']",3,False,"[0.028298876097277912, 0.05567956751704347, -0.8942685409456591]",1659.0675631130653,0.9588244328386767,"[23, 26, 46]",45,0.011642520577365591,331.1415720662378,SNACKPACK_CHOCOLATE − 0.028*ROBOT_LAUNDRY − 0.056*UV_VISOR_AMBER + 0.894*SNACKPACK_VANILLA
SNACKPACK_CHOCOLATE,snackpacks,3,"['UV_VISOR_AMBER', 'TRANSLATOR_GRAPHITE_MIST', 'SNACKPACK_VANILLA']","['snackpacks', 'translators', 'uv_visors']",3,False,"[0.06108597435677643, -0.021874549013442417, -0.9237750917609979]",1701.2131341254862,0.957778443013815,"[26, 33, 46]",45,0.011799848208133514,332.06803860636535,SNACKPACK_CHOCOLATE − 0.061*UV_VISOR_AMBER + 0.022*TRANSLATOR_GRAPHITE_MIST + 0.924*SNACKPACK_VANILLA
SNACKPACK_RASPBERRY,snackpacks,3,"['SLEEP_POD_SUEDE', 'SNACKPACK_PISTACHIO', 'SNACKPACK_STRAWBERRY']","['sleep_pods', 'snackpacks']",2,False,"[0.10031036174850648, -0.5882102336641165, -0.5183497221328366]",4922.306527473644,0.8292986614768507,"[5, 47, 48]",49,0.011830657511554488,529.8279428539769,SNACKPACK_RASPBERRY − 0.100*SLEEP_POD_SUEDE + 0.588*SNACKPACK_PISTACHIO + 0.518*SNACKPACK_STRAWBERRY
SNACKPACK_RASPBERRY,snackpacks,3,"['PANEL_4X4', 'SNACKPACK_PISTACHIO', 'SNACKPACK_STRAWBERRY']","['panels', 'snackpacks']",2,False,"[-0.08809142755914406, -0.7554377672893338, -0.37994174715787515]",5762.933026397015,0.8001464606207416,"[39, 47, 48]",49,0.0120165625090242,548.9224570394468,SNACKPACK_RASPBERRY + 0.088*PANEL_4X4 + 0.755*SNACKPACK_PISTACHIO + 0.380*SNACKPACK_STRAWBERRY
SNACKPACK_CHOCOLATE,snackpacks,3,"['GALAXY_SOUNDS_SOLAR_FLAMES', 'UV_VISOR_AMBER', 'SNACKPACK_VANILLA']","['galaxy_sounds', 'snackpacks', 'uv_visors']",3,False,"[0.030146401639800417, 0.06724504808120532, -0.9099693525188033]",1606.357507710054,0.960132617312039,"[4, 26, 46]",45,0.01211682004257984,323.716789178218,SNACKPACK_CHOCOLATE − 0.030*GALAXY_SOUNDS_SOLAR_FLAMES − 0.067*UV_VISOR_AMBER + 0.910*SNACKPACK_VANILLA
SNACKPACK_VANILLA,snackpacks,3,"['UV_VISOR_AMBER', 'PANEL_2X4', 'SNACKPACK_CHOCOLATE']","['panels', 'snackpacks', 'uv_visors']",3,False,"[0.07876469313971848, 0.03763347027707393, -0.9802424245251933]",1822.8848283710286,0.9427960397954087,"[26, 38, 45]",46,0.012499162926316353,348.81627523166793,SNACKPACK_VANILLA − 0.079*UV_VISOR_AMBER − 0.038*PANEL_2X4 + 0.980*SNACKPACK_CHOCOLATE
SNACKPACK_VANILLA,snackpacks,3,"['MICROCHIP_CIRCLE', 'UV_VISOR_AMBER', 'SNACKPACK_CHOCOLATE']","['microchips', 'snackpacks', 'uv_visors']",3,False,"[0.023404408833525677, 0.0624252612161297, -0.9869652328749301]",1851.8185302764978,0.9418880711148799,"[10, 26, 45]",46,0.012696562682380017,350.2722482918815,SNACKPACK_VANILLA − 0.023*MICROCHIP_CIRCLE − 0.062*UV_VISOR_AMBER + 0.987*SNACKPACK_CHOCOLATE
SNACKPACK_CHOCOLATE,snackpacks,3,"['MICROCHIP_OVAL', 'MICROCHIP_SQUARE', 'SNACKPACK_VANILLA']","['microchips', 'snackpacks']",2,False,"[0.025708792977734426, -0.019248165328467976, -0.8961277713966816]",1532.4440868519087,0.9619670374962039,"[11, 12, 46]",45,0.01270476260012442,301.0011120461909,SNACKPACK_CHOCOLATE − 0.026*MICROCHIP_OVAL + 0.019*MICROCHIP_SQUARE + 0.896*SNACKPACK_VANILLA
SNACKPACK_CHOCOLATE,snackpacks,3,"['MICROCHIP_OVAL', 'SNACKPACK_VANILLA', 'SNACKPACK_STRAWBERRY']","['microchips', 'snackpacks']",2,False,"[0.027854170885305035, -0.8821710534462897, -0.08736809931112856]",1642.7729957046977,0.9592288395485692,"[11, 46, 48]",45,0.01381545627349575,294.6108667685869,SNACKPACK_CHOCOLATE − 0.028*MICROCHIP_OVAL + 0.882*SNACKPACK_VANILLA + 0.087*SNACKPACK_STRAWBERRY
SNACKPACK_VANILLA,snackpacks,3,"['SLEEP_POD_COTTON', 'MICROCHIP_SQUARE', 'SNACKPACK_CHOCOLATE']","['microchips', 'sleep_pods', 'snackpacks']",3,False,"[-0.03199927189426022, -0.02166803478152057, -1.0106892536217078]",1868.8677323550946,0.9413530499977775,"[9, 12, 45]",46,0.014169321751721763,330.97738831712513,SNACKPACK_VANILLA + 0.032*SLEEP_POD_COTTON + 0.022*MICROCHIP_SQUARE + 1.011*SNACKPACK_CHOCOLATE
SNACKPACK_VANILLA,snackpacks,3,"['UV_VISOR_AMBER', 'SNACKPACK_CHOCOLATE', 'SNACKPACK_RASPBERRY']","['snackpacks', 'uv_visors']",2,False,"[0.06365016147411372, -1.017120613066874, 0.06444686598583621]",1863.2897264335516,0.9415280934365021,"[26, 45, 49]",46,0.01529248589072644,352.6032019126997,SNACKPACK_VANILLA − 0.064*UV_VISOR_AMBER + 1.017*SNACKPACK_CHOCOLATE − 0.064*SNACKPACK_RASPBERRY
SNACKPACK_VANILLA,snackpacks,3,"['SLEEP_POD_COTTON', 'UV_VISOR_AMBER', 'SNACKPACK_CHOCOLATE']","['sleep_pods', 'snackpacks', 'uv_visors']",3,False,"[-0.024673837639309738, 0.048082017748603115, -1.035698968671345]",1844.648121171973,0.942113085767853,"[9, 26, 45]",46,0.015495591250877261,332.03451544443277,SNACKPACK_VANILLA + 0.025*SLEEP_POD_COTTON − 0.048*UV_VISOR_AMBER + 1.036*SNACKPACK_CHOCOLATE
SNACKPACK_CHOCOLATE,snackpacks,3,"['SLEEP_POD_POLYESTER', 'MICROCHIP_OVAL', 'SNACKPACK_VANILLA']","['microchips', 'sleep_pods', 'snackpacks']",3,False,"[-0.035690783719389406, 0.02436671220016544, -0.8903561104275721]",1687.5051057234668,0.9581186557071772,"[7, 11, 46]",45,0.016946760118624175,326.37991130526325,SNACKPACK_CHOCOLATE + 0.036*SLEEP_POD_POLYESTER − 0.024*MICROCHIP_OVAL + 0.890*SNACKPACK_VANILLA
SNACKPACK_VANILLA,snackpacks,3,"['MICROCHIP_CIRCLE', 'MICROCHIP_OVAL', 'SNACKPACK_CHOCOLATE']","['microchips', 'snackpacks']",2,False,"[0.05679961163861836, 0.04564776267473712, -1.0065374385272523]",1748.1397719275628,0.9451416148793281,"[10, 11, 45]",46,0.01753437376916071,315.73236217711394,SNACKPACK_VANILLA − 0.057*MICROCHIP_CIRCLE − 0.046*MICROCHIP_OVAL + 1.007*SNACKPACK_CHOCOLATE
SNACKPACK_VANILLA,snackpacks,3,"['UV_VISOR_AMBER', 'PANEL_1X4', 'SNACKPACK_CHOCOLATE']","['panels', 'snackpacks', 'uv_visors']",3,False,"[0.055385324669240336, 0.023449656539808465, -1.0553645470853814]",1818.4113212270931,0.9429364229510825,"[26, 37, 45]",46,0.018405159321561924,327.3454164166708,SNACKPACK_VANILLA − 0.055*UV_VISOR_AMBER − 0.023*PANEL_1X4 + 1.055*SNACKPACK_CHOCOLATE
SNACKPACK_RASPBERRY,snackpacks,3,"['PEBBLES_XS', 'SNACKPACK_PISTACHIO', 'SNACKPACK_STRAWBERRY']","['pebbles', 'snackpacks']",2,False,"[-0.09460888008601992, -0.4086358446774616, -0.606960454106462]",5735.227908414265,0.8011072501809205,"[15, 47, 48]",49,0.01945039874635602,604.7771647951545,SNACKPACK_RASPBERRY + 0.095*PEBBLES_XS + 0.409*SNACKPACK_PISTACHIO + 0.607*SNACKPACK_STRAWBERRY
SNACKPACK_VANILLA,snackpacks,3,"['MICROCHIP_SQUARE', 'ROBOT_LAUNDRY', 'SNACKPACK_CHOCOLATE']","['microchips', 'robots', 'snackpacks']",3,False,"[-0.026515845196254568, 0.03991308928070928, -1.0227785998326988]",1839.6937128117934,0.9422685600876027,"[12, 23, 45]",46,0.019879737940443825,330.6423005292922,SNACKPACK_VANILLA + 0.027*MICROCHIP_SQUARE − 0.040*ROBOT_LAUNDRY + 1.023*SNACKPACK_CHOCOLATE
SNACKPACK_CHOCOLATE,snackpacks,3,"['MICROCHIP_OVAL', 'UV_VISOR_AMBER', 'SNACKPACK_VANILLA']","['microchips', 'snackpacks', 'uv_visors']",3,False,"[0.017774937803205892, 0.04451384624902352, -0.8889203027909931]",1627.0633971321586,0.9596187282098165,"[11, 26, 46]",45,0.02003484154628463,330.92483278033114,SNACKPACK_CHOCOLATE − 0.018*MICROCHIP_OVAL − 0.045*UV_VISOR_AMBER + 0.889*SNACKPACK_VANILLA
SNACKPACK_RASPBERRY,snackpacks,3,"['PEBBLES_XS', 'UV_VISOR_AMBER', 'SNACKPACK_STRAWBERRY']","['pebbles', 'snackpacks', 'uv_visors']",3,False,"[-0.105492574284282, -0.12980932640188123, -0.8689559602444037]",6210.6623750483195,0.7846195935546019,"[15, 26, 48]",49,0.02003676893547674,625.3055674172293,SNACKPACK_RASPBERRY + 0.105*PEBBLES_XS + 0.130*UV_VISOR_AMBER + 0.869*SNACKPACK_STRAWBERRY
SNACKPACK_RASPBERRY,snackpacks,3,"['PEBBLES_XL', 'SNACKPACK_PISTACHIO', 'SNACKPACK_STRAWBERRY']","['pebbles', 'snackpacks']",2,False,"[0.03393553893725971, -0.633264877920702, -0.4600559304493345]",6198.545585265405,0.7850397933578857,"[19, 47, 48]",49,0.02310552475410222,628.3715833174043,SNACKPACK_RASPBERRY − 0.034*PEBBLES_XL + 0.633*SNACKPACK_PISTACHIO + 0.460*SNACKPACK_STRAWBERRY
SNACKPACK_VANILLA,snackpacks,3,"['UV_VISOR_AMBER', 'OXYGEN_SHAKE_EVENING_BREATH', 'SNACKPACK_CHOCOLATE']","['oxygen_shakes', 'snackpacks', 'uv_visors']",3,False,"[0.06488830428458746, -0.03582601090278103, -1.0306849863688217]",1784.4890179789363,0.944000938961559,"[26, 41, 45]",46,0.023932356683750586,325.1448146401165,SNACKPACK_VANILLA − 0.065*UV_VISOR_AMBER + 0.036*OXYGEN_SHAKE_EVENING_BREATH + 1.031*SNACKPACK_CHOCOLATE
SNACKPACK_VANILLA,snackpacks,3,"['MICROCHIP_OVAL', 'PANEL_1X2', 'SNACKPACK_CHOCOLATE']","['microchips', 'panels', 'snackpacks']",3,False,"[0.04027601214715505, 0.05292917944015547, -0.9805348064736127]",1637.6333321635648,0.9486094181569822,"[11, 35, 45]",46,0.024780048748991715,318.5599852023634,SNACKPACK_VANILLA − 0.040*MICROCHIP_OVAL − 0.053*PANEL_1X2 + 0.981*SNACKPACK_CHOCOLATE
SNACKPACK_VANILLA,snackpacks,3,"['UV_VISOR_AMBER', 'TRANSLATOR_GRAPHITE_MIST', 'SNACKPACK_CHOCOLATE']","['snackpacks', 'translators', 'uv_visors']",3,False,"[0.05681492563796583, -0.025626558141080114, -1.0100491510302387]",1860.0944073619976,0.9416283657642791,"[26, 33, 45]",46,0.026348951557278875,350.18905348569365,SNACKPACK_VANILLA − 0.057*UV_VISOR_AMBER + 0.026*TRANSLATOR_GRAPHITE_MIST + 1.010*SNACKPACK_CHOCOLATE
SNACKPACK_CHOCOLATE,snackpacks,3,"['MICROCHIP_OVAL', 'PANEL_1X2', 'SNACKPACK_VANILLA']","['microchips', 'panels', 'snackpacks']",3,False,"[0.04429381267672385, 0.044371928166138046, -0.9395964994032326]",1569.2605056425818,0.9610533092320516,"[11, 35, 46]",45,0.028201570895263987,310.7763020762014,SNACKPACK_CHOCOLATE − 0.044*MICROCHIP_OVAL − 0.044*PANEL_1X2 + 0.940*SNACKPACK_VANILLA
SNACKPACK_VANILLA,snackpacks,3,"['MICROCHIP_OVAL', 'MICROCHIP_SQUARE', 'SNACKPACK_CHOCOLATE']","['microchips', 'snackpacks']",2,False,"[0.021677046179783856, -0.021435884694074165, -1.036206796169706]",1771.9894731876484,0.9443931872548619,"[11, 12, 45]",46,0.031351261036989236,323.51479855199005,SNACKPACK_VANILLA − 0.022*MICROCHIP_OVAL + 0.021*MICROCHIP_SQUARE + 1.036*SNACKPACK_CHOCOLATE
SNACKPACK_VANILLA,snackpacks,3,"['GALAXY_SOUNDS_SOLAR_FLAMES', 'UV_VISOR_AMBER', 'SNACKPACK_CHOCOLATE']","['galaxy_sounds', 'snackpacks', 'uv_visors']",3,False,"[0.02915536026798018, 0.06528269954696876, -1.028076582612442]",1814.8507226195616,0.9430481581182635,"[4, 26, 45]",46,0.03206548970159304,346.66446371887434,SNACKPACK_VANILLA − 0.029*GALAXY_SOUNDS_SOLAR_FLAMES − 0.065*UV_VISOR_AMBER + 1.028*SNACKPACK_CHOCOLATE
SNACKPACK_RASPBERRY,snackpacks,3,"['MICROCHIP_SQUARE', 'SNACKPACK_PISTACHIO', 'SNACKPACK_STRAWBERRY']","['microchips', 'snackpacks']",2,False,"[0.03752074479781864, -0.6137580748267556, -0.4844652117015259]",6319.477213957009,0.78084598893465,"[12, 47, 48]",49,0.04723197139323508,688.4445813914318,SNACKPACK_RASPBERRY − 0.038*MICROCHIP_SQUARE + 0.614*SNACKPACK_PISTACHIO + 0.484*SNACKPACK_STRAWBERRY
SNACKPACK_RASPBERRY,snackpacks,3,"['UV_VISOR_AMBER', 'SNACKPACK_PISTACHIO', 'SNACKPACK_STRAWBERRY']","['snackpacks', 'uv_visors']",2,False,"[-0.1386317632084724, -0.4645760316276894, -0.638591231911731]",6053.46791694441,0.7900709615783097,"[26, 47, 48]",49,0.05127273013501396,662.2053058124462,SNACKPACK_RASPBERRY + 0.139*UV_VISOR_AMBER + 0.465*SNACKPACK_PISTACHIO + 0.639*SNACKPACK_STRAWBERRY
